posts,subreddit,upvotes,num_comments
"Daily Discussion Thread | October 05, 2021",warriors,13,164
[Post Game Thread] Golden State Warriors (1-0) defeat the Portland Trail Blazers (0-1) 121-107 behind Jordan Poole's 30 point barrage,warriors,350,181
Off day Klay! Lol,warriors,588,52
League seeing Poole,warriors,601,33
James Wiseman ready to make big strides: 'I'm going to be way better',warriors,270,69
How I feel after watching the game last night.,warriors,352,9
"It's definitely too soon to include him as a true ""Splash Brother"" but this man has potential",warriors,363,21
I need this hoodie to become available. @UA when's the drop!?,warriors,99,20
"Join the Poole Party for free tickets to DEN@GSW tomorrow, 10/6/2021!!!",warriors,25,10
Kenny Atkinson was voted best assistant coach in the 2021-2022 GM Survey!,warriors,74,3
Jordan Poole vs the Rest of the 2019 First Round Draft ‚Äî Who I Would Take Over Him Now (Oct 5th),warriors,125,99
People say this image is fake,warriors,634,57
"Otto Porter Jr, Nemanja Bjelica X Avery Bradley GSW Preseason Debut | 32 Pts Combined",warriors,77,19
"[Slater] Jordan Poole so far tonight: 30 points in 22 minutes. Five rebounds. Five assists. Seven made 3s, many from several feet behind the line.",warriors,780,111
TIL that Andrew Wiggins dad played in the NBA and his mother was an Olympic sprinter,warriors,52,20
Iggy knows how to get sharpshooters good shots,warriors,12,7
"Warriors film study by Joe Viray: Poole, Bjelica, and Porter against the Blazers",warriors,40,1
[FreeDawkins] Jordan Poole Drops 30 Pts x 7 Threes In 22 Mins vs Blazers | GSW Radio Cut + Postgame Interview (Interview @2:25),warriors,65,9
[Slater] The Warriors took 69 threes tonight. They never attempted more than 54 in a game last season.,warriors,551,104
Anybody know where to get the sweater she's wearing? I've never seen it in the Warriors Shop and i've been looking for months,warriors,10,8
Steph Curry's Clutch Time Shooting in 2021,warriors,12,0
"[Letourneau] Otto Porter Jr. ""I haven't felt this great in a long time. ... I'm going to continue to do what I need to do to continue feeling this way.""",warriors,377,25
Til Klay comes back ohohoho,warriors,161,6
Poor Klay looks desperate to play,warriors,392,25
"[Highlights] Jordan Poole with 30p/5r/5a/1s/2b/0tov on 10/17 FG, 7/13 3PT (career-high), and 3/3 FT in only 22 minutes",warriors,332,38
"[Letourneau] Steve Kerr on Jordan Poole getting the start tonight: ""The significance is that he's one of our best players.""",warriors,314,23
"[Andrews] Wiggins says that the fact that he‚Äôd be forced to miss games is what convinced him to get the vaccine. His concerns stemmed from the unknown of what the long term effects of the vaccine is. Added that he‚Äôs had bad reactions to certain medicine in the past, which added a fear factor for him",warriors,258,154
Wiggins dunking on Nurkic,warriors,325,23
[Andrews] Steve Kerr says that he didn't tell the Warriors to look to take a lot of three's. It's just the result of having as much floor spacing as they do -- a vast contrast to last season's makeup. Kerr says they do plan on continuing to shoot a lot from distance.,warriors,228,13
[Slater] Steve Kerr on his veteran heavy rotation: ‚ÄúWe‚Äôre chasing wins this season‚Äù attached to a üòè expression (Clip 0:40),warriors,196,20
"Jordan Poole Drops 30 Points in Warriors' Preseason Opener! | Oct. 4, 2021",warriors,164,15
Warriors: ‚ÄúYou forfeiting $15.8 million if you don‚Äôt get the vaccine‚Äù Wiggins:,warriors,154,4
"Was anyone outside of the Bay/ CA blacked out of NBA TV last night? If so, why? Never had that issue with NBA TV before",warriors,9,14
[Vecenie] Okay I did toss on some preseason hoops once I saw the Jordan Poole fire show starting in the 3rd quarter. That‚Äôs a guy that I might have just been dead wrong about as a prospect. He looks awesome.,warriors,134,4
Serious question: What do we do if Poole starts playing like an All Star?,warriors,109,74
Best Warriors media these days?,warriors,12,11
"Andrew Wiggins on getting vaccinated: ""I feel the only options were to get vaccinated or not play in the NBA. It was a tough decision. Hopefully, it works out in the long run. 10 years, I'm still healthy.""",warriors,93,31
Chiozza gotta change his look up,warriors,102,25
Kid shows his true colors at the game,warriors,336,11
Look at Curry man,warriors,4,0
[GAME THREAD] NBA Preseason: Golden State Warriors (0-0) vs. Portland Trail Blazers (0-0) 10/4/21 7:00 PM PST,warriors,121,2041
TONIGHT IS THE NIGHT DUBNATION!!! WE ARE BACKKKKK!!! üíôüíõ,warriors,131,9
"[Connor Letourneau] Starters tonight: Curry, Poole, Wiggins, Green, Looney",warriors,495,60
"[Slater] Steve Kerr on Foul Rule Changes: ""The game needs it. If we‚Äôre making calls in the NBA that would literally start fights in a pickup game, a fight is going to ensue."" Steph Curry's Thoughts: ""There‚Äôs going to be some confusion to start, for sure...I love the [NBA's] effort.""",warriors,199,24
[Slater] Steph Curry and new assistant Kenny Atkinson spent the timeout debating a pump and jump non call on a Curry 3 with the referee.,warriors,79,20
Smile! It‚Äôs GAMEDAY,warriors,282,37
I‚Äôm excited for the ‚Äúrocket‚Äù warriors that shoot a bunch of 3‚Äôs,warriors,48,12
Steph glad Wiggins 'handled responsibilities' by getting vaccine,warriors,133,6
"[Slater] Steph Curry on Avery Bradley: ‚ÄúBulldog. Everyone asks who is the toughest defenders you‚Äôve had, he‚Äôs the first guy that comes to mind.‚Äù On the 15th spot: ‚ÄúI think that‚Äôs why he‚Äôs here.‚Äù (Clip 1:22)",warriors,220,26
"Gilbert Arenas, Monta Ellis, and Jordan Poole",warriors,31,7
Dubs basketball is backü§©,warriors,537,49
I don Jordan Poole as Deadpoole,warriors,21,30
Steve Kerr‚Äôs Halfcourt Shot is üí∞,warriors,70,6
Chase Center COVID protocols,warriors,23,7
"'Small' Warriors will lean on shooting, spacing on offense",warriors,115,39
Protect ya Net [oc],warriors,158,18
Klay walks by & Stephen Curry shoots threes at morning shootaround b4 Warriors vs Portland,warriors,21,0
[Shams] Golden State‚Äôs Andrew Wiggins has been vaccinated and will be available for all games this season.,warriors,1995,385
Dubs play basketball tomorrow,warriors,298,14
Why did we wait so long to unleash Poole when shooting has been our biggest issue?,warriors,0,16
"[Slater] Steve Kerr said he anticipates all 16 available Warriors will get some amount of court time in tomorrow‚Äòs preseason opener in Portland, including Steph Curry and Draymond Green.",warriors,224,20
Pre Game Discussion Thread : Preason : Warriors vs TrailBlazers,warriors,66,149
"Jordan Poole 3s while Wiseman celebrates, at Warriors training camp practice, day before Portland",warriors,42,5
"Moses Moody x Damion Lee threes at Warriors training camp practice, day before Portland game",warriors,36,3
Capt. Klay with a new weapon...shooting Lefties,warriors,470,30
[Nick] Kerr didn‚Äôt want to go into any detail about Wiggins‚Äô shot or the reasons why he finally decided to take it ‚Äî but for Warriors this concludes what would have been a huge issue if they started season without him and couldn‚Äôt rely on him for SF games.,warriors,336,75
"Daily Discussion Thread | October 04, 2021",warriors,17,86
"[Opinion] I am biased cuz I love Wiggs, but the hate has got to stop.",warriors,94,126
Wiseman rehab free throws 8/2021 Las Vegas Basketball Center (Summer League),warriors,17,11
[Slater] Gary Payton II has only been limited in Warriors camp. He's recovering from an offseason hernia issue. He will not be available in tomorrow's preseason opener and likely longer. An obvious impact on his roster chances.,warriors,118,17
Klay reveals confident expectations for his comeback season,warriors,131,8
Golden State Warriors Training Camp | Day Five Recap,warriors,14,1
where can I get that The City shirt from Venom?,warriors,13,4
"[Synergy Sports]: Best Half Court Scorers of the 20-21 Season via PPP (min. 1,000 poss)",warriors,36,10
Kuminga has to change his shooting form asap.,warriors,0,14
The bet was made. I chose between MIP and 6MOTY and hopefully it hits.,warriors,16,17
[hoopvision68] The time Steph Curry was double teamed for an ENTIRE game,warriors,182,13
"[Letoruneau] Andrew Wiggins was not here today. He was ""under the weather,"" Kerr said.",warriors,484,143
Explain One Play: Our Guy Juan Toscano-Anderson Is So Good At Running The System,warriors,60,3
"[Letoruneau] Steve Kerr said that Andre Iguodala looked ""brilliant"" in today's scrimmage. Said he'll be a big help this season.",warriors,392,20
Golden State Warriors 2021 Betting Preview & Predictions,warriors,11,1
Explain One Play - James Wiseman Dunks The Spurs Many Times,warriors,39,2
Klay Crashing JTA's Interview,warriors,215,20
Steph schools the rook,warriors,513,85
Explain One Play - James Wiseman's Double Double Offense,warriors,30,3
Rotations: What I'm Excited For,warriors,61,35
YouTubeTV reached an agreement with NBC Sports; NBCSBA will remain!,warriors,107,32
"Daily Discussion Thread | October 03, 2021",warriors,14,209
Explain One Play: Stephen Curry Fakes Out The Bulls,warriors,31,5
üì∫ Stephen Curry logo shots üí¶ 1st time ever filmed in practice‚Ä¶,warriors,85,20
Andre's Turn on the Adobe Train lol,warriors,46,3
Me whenever Suavemente starts playing.,warriors,466,19
Stephen Curry makes 17 threes in a row at workout after Warriors training camp practice..,warriors,74,17
League Pass Advice,warriors,7,17
"Otto Porter, Moses Moody, Damion Lee & Langston Galloway after Warriors training camp practice",warriors,82,37
"Draymond shoots threes, spars with Anthony Mann; Kuminga free throws at Warriors training camp‚Ä¶",warriors,42,6
First game swag for infant/toddler?,warriors,2,5
"Bjelica, Avery Bradley, Mychal Mulder & Chris Chiozza shooting threes after Warriors practice",warriors,48,12
"Daily Discussion Thread | October 02, 2021",warriors,9,103
"If the Warriors' core THIS SEASON is now Poole, Moody, Kuminga, JTA, and Wiseman. How far do they go?",warriors,123,154
Steph gets emotional talking about finally playing with Klay again!,warriors,1130,76
Has training camp always been so short?,warriors,47,8
What would make Klays season a success?,warriors,48,59
"Flashback: Sam Amico, you ignorant slut.",warriors,322,16
COVID-19 Vaccine Hesitation in NBA Players,warriors,16,5
Klay swimming in the Bay,warriors,223,55
Wiseman working on low-post footwork (from Marcus Thompson),warriors,150,32
Damn! How long has it been? Lol üò≠,warriors,574,29
"""Hands in! Just us on three! One, two, three...""",warriors,921,102
"""Sports Bra Steph"" to go with Headband Klay",warriors,67,23
"[Slater] Draymond Green said he won't pressure Andrew Wiggins to get the vaccine, even if that means he will miss home games. He had a ton of thoughts on the subject. Here's Part 1 https://t.co/oogj6TILUv",warriors,189,188
[Slater] Draymond Green is at Warriors practice today. He‚Äôs back after an excused absence.,warriors,182,11
"[Thompson] Draymond: ""I'm great. Now. Had some things to handle. But everything is going well.""",warriors,121,9
"[Stein] Golden State's Steve Kerr has emerged as a favorite to succeed San Antonio's Gregg Popovich as head coach for the USA Basketball senior men's national team, league sources say.",warriors,271,19
"[Stein] Among numerous moves the team announced, Golden State has also hired Yarone Arbel -- one of the first international scouts known to be on the trail to discovering Giannis Antetokounmpo -- as their new director of international scouting after Arbel's long stint with New Orleans.",warriors,135,13
"Daily Discussion Thread | October 01, 2021",warriors,9,172
"[Anthony Slater] Still no update on Andrew Wiggins' vaccination status, per Kerr.",warriors,101,76
Treymond Green From the Top of the Key in Practice Today (via Marcus Thompson),warriors,84,29
"[Simmons] Draymond Green said the athletic training staff didn't even tape his ankles today, because no one thought he would practice. He sneaked into live drills as soon as his physical was complete.",warriors,78,2
Training Camp | Day Three Recap,warriors,17,1
"Kenny Atkinson on His Asst Coach Style:""If I have a well-thought-out idea that I think is worth bringing to the table, I‚Äôm going to do it. I‚Äôm definitely not going to be the quiet one. I love to put an idea on the table, debate it, fight about it, disagree, & hopefully get together united at the end",warriors,111,16
"[Slater] Draymond Green went through all of practice, including the live action today. Warriors will take tomorrow off, scrimmage on Saturday. Kerr said he's not sure Green will take full part in scrimmage, but he basically enters camp without limitations.",warriors,60,1
"[Marc J. Spears] Warriors promote Mike Dunleavy Jr. to VP Basketball Ops; Nick U‚ÄôRen to Executive Director, Zaza Pachulia to Liaison, Basketball & Business, Kent Lacob to Executive Director, Team Development, Ryan Atkinson to Director Team Development & Mujtaba Elgoodah to Mgr of Team Development",warriors,52,12
"Draymond Green Discusses Warriors' Training Camp | September 30, 2021",warriors,20,0
PSA for Bay Area people who watch games via YTTV: NBC Sports Bay Area might be gone soon,warriors,28,32
Looking Back at Klay Thompson's Last Game Against Hawks,warriors,27,0
What would the name of this man‚Äôs Album? ü§£,warriors,436,203
"Ball Movement Between Steph, JTA, Moody, & Bjelica => Moody Wing 3-pointer (via Golden State Warriors Twitter)",warriors,267,47
"[Golden State Warriors Instagram] - ooooooh dubs basketball is BACK Training Camp, fueled by @gatorade",warriors,332,57
"[Shams Charania] NBA spokesman Mike Bass: ""Any player who elects not to comply with local vaccination mandates will not be paid for games that he misses.""",warriors,607,204
"[Slater] Steve Kerr on Jonathan Kuminga: ""Immediately he looks like a 4 because of his power, strength in his body, ability to guard multiple positions. I think the easiest way for him to make an impact will be as a 4, limiting what he has to do offensively...Dive man, roll man, DHO guy."" https://t.",warriors,241,30
"[Slater] Steve Kerr on Draymond Green: ""I'm not concerned at all about Draymond's absence. We've been in contact. He's been playing in this league a long time. Our main concern is making sure he's comfortable with the situation he's dealing with and whenever he gets here, he gets here.""",warriors,226,25
"[Webeck] Langston Galloway, who signed with Golden State this offseason, said Green‚Äôs absence was family related.",warriors,107,13
"Daily Discussion Thread | September 30, 2021",warriors,13,180
[Slater] Some video glimpses into the Warriors' second practice today via the team. Klay Thompson active in the non-contact portions. (Clip - 2:04),warriors,53,9
[Joe Viray] Jordan Poole's off-ball brilliance and achieving offensive balance,warriors,59,5
Training Camp | Day Two Recap,warriors,40,5
Awesome response from Looney about getting crossed up by a kid at his own camp,warriors,116,11
"[Anthony Slater] Draymond Green is still not with the Warriors, excused for a personal absence, missed the second team practice today.",warriors,90,6
Just saw this picture and caught myself thinking: you're jumping way too high here. Better stay low to the secure ground like a paranoid parent,warriors,128,7
Jordan Poole MIP or 6MOY or neither?,warriors,58,38
[Bobby Marks] Financial penalties (per game amount) are still being discussed but it will be substantial. What also needs to be finalized is if this is a league or team issued fine.,warriors,60,31
Warriors' contingency plans if Wiggins doesn't get vaccinated,warriors,75,59
Draymond addresses photoshopped pic floating around social. ‚Äúbelieve half of what you see‚Äù.,warriors,582,49
Warriors Outsiders Canceled?,warriors,35,70
Steph looks like he's in the best shape of his life,warriors,590,50
What‚Äôs your warriors hot take for this season?,warriors,77,145
"[Burke] ""I feel more confident in Jordan (Poole) than ever. He‚Äôs been our most consistent worker for two years now,"" Steve Kerr said. This season, Kerr challenged him to get better defensively. He wants Jordan to play with Steph.",warriors,338,30
Draymond when he runs into you know who...,warriors,636,98
"[Thompson] ""Kuminga going to work in his first official NBA practice"" (Can also see Wiseman working with Dejan & Wiggins working with Atkinson in the background)",warriors,204,34
"[Mills] ""Another look at new coach Dejan Miljevic working with Center James Wiseman. You can see him going over foot work & using his pivot foot, I also heard him talking about protecting the ball during this drill. It will be exciting to see how Wiseman develops.""",warriors,111,9
"[Kendra Andrews] Avery Bradley: ""I think I might be the best on-ball defender in the NBA.""",warriors,142,25
What frustrates me the most isn't Wiggins Unvaccinated status but his attitude towards it,warriors,449,323
"[Charania] NBA's 65-page health and safety protocols for ‚Äò21-22 include restrictions on non-fully-vaccinated players, such as: No dining indoors in same room as other player, 6 feet of distance in team meeting, distant locker, remain at residence or hotel, prohibited from public venues.",warriors,82,27
"Daily Discussion Thread | September 29, 2021",warriors,11,160
Wiseman Working with Dejan Milojevic on Some Simple Foot Work + Hookshot Moves (via Kylen Mills),warriors,114,16
Training Camp | Day One Recap,warriors,52,25
"[Thompson] ""Curry adding to his bag?""",warriors,60,12
My Most Impactful Moment in Golden State Warriors‚Äô History https://youtu.be/-jsM-lVfFyg,warriors,54,6
Just scored tickets to my first Dubs game!!! So excited!!! ü•≥ü•≥ü•≥,warriors,111,13
[Slater] New big man assistant Dejan Milojevic working on some ballhandling drills with James Wiseman https://t.co/jY2TX0Lp2p,warriors,61,3
"Ted Cruz ‚Äòstands with‚Äô Andrew Wiggins, tells LeBron James to boycott Warriors games",warriors,0,29
"Warriors Media Day (9/27/21) - Part 3 - Juan Toscano-Anderson, Andrew Wiggins, Nemanja Bjelica",warriors,82,12
"Warriors Media Day (9/27/21) - Part 5 - Andre Igoudala, Jordan Poole, Steph Curry",warriors,37,1
"Confirmed, Jonathan Kuminga is a better shooter than Klay.",warriors,127,5
"Warriors Media Day (9/27/21) - Part 2 - Moses Moody, Jonathan Kuminga, James Wiseman",warriors,62,0
Mathematics [OC],warriors,52,2
"Warriors Media Day (9/27/21) - Part 4 - Damion Lee, Otto Porter Jr, Kevon Looney, Klay Thompson",warriors,28,4
that teammate connection ü§ù,warriors,1094,44
"Warriors Media Day (9/27/21) - Part 1 - Bob Myers, Steve Kerr",warriors,37,2
"[Holmes] There's tension in the NBA among some mandated to be vaccinated against those who aren't (players). ‚ÄúIt‚Äôs very concerning to everybody involved,‚Äù said one GM. ‚ÄúI'm out of energy trying to convince somebody to save themselves and their loved ones.‚Äù",warriors,194,102
Warriors Media Day!,warriors,119,13
"""It's none of your business""",warriors,316,45
"[Kurtenbach] Bjelica to Wiggins in the hallway: ‚ÄúGet the shot."" Wiggins: Tough crowd in there, man.",warriors,550,133
His battle scars!,warriors,211,18
"[Letourneau] Steph Curry on Andrew Wiggins: ""At the end of the day, it is up to him. ... We obviously hope he has all the right information, access to the right resources. ... We hope he's available. We hope it moves in the right direction.""",warriors,325,65
"[Anthony Slater] Andrew Wiggins: ""Back is definitely against the wall. I'm gonna keep fighting for what I believe. What's right to one person isn't right to the other and vice versa.""",warriors,419,356
"[Letourneau] Andre Iguodala on Andrew Wiggins' anti-vax stance: ""We all have to do our homework a little bit better. That's for all of us. I've been upset reading about Andrew Wiggins because it's painting the wrong picture. ... He's a guy that has values. He's the type of guy I'll stand by.""",warriors,232,56
"[Viray] Andre Iguodala on young guys: ""I'm excited to see (James Wiseman) on the floor. He's asking me all the right questions to want to be that great. I'm excited to help him get there, and I think he'll get there.""",warriors,232,2
[Slater] Klay Thompson on the state of his game: ‚ÄúI can make a lot of jump shots. Pretty good at defensive sliding. My timing is a little off. Reaction time‚Äôs not there. That‚Äôs being rusty two years. I anticipate in the next four weeks playing 5-on-5 again.‚Äù,warriors,186,8
"Happy 56th Birthday to our great coach, the one and only Steve Kerr!",warriors,696,15
"[Letoruneau] Jonathan Kuminga: ""Being the bay, I think it was my first time having a dumpling. ... It was good.""",warriors,301,39
"[Thompson] ""I put on a lot of muscle mass this past summer."" Wiseman said since he couldn't do basketball stuff, so he did a lot of lifting. And meditating.",warriors,250,25
The Young Goat Moses Moody lets his impressive maturity shine once again at Media day,warriors,35,1
"Daily Discussion Thread | September 28, 2021",warriors,15,301
"[Poole] Is Jordan Poole aiming to fill the starting 2-guard void until Klay Thompson returns? ‚ÄòOf course,‚Äô he says at Warriors media day",warriors,120,14
Curry and Damion debut the new Curry 9!,warriors,171,19
"[Poole] Warriors GM Bob Myers: 'I see Andre (Iguodala) grabbing Kuminga, Moody' around the facility. Vet already in full mentor/tutor/asst. coach role.",warriors,248,20
"Klay, when asked if there's a waitlist for his boat: ""Yes, there's definitely a waitlist. You gotta show me you can tie a boat knot, show me you won't get seasick for an hour.""",warriors,145,7
"[Kawakami] Asked Curry if he's expecting, hoping or wanting the Warriors to use the taxpayer midlevel exception in the buyout market or otherwise this season: ""Yes, yes and yes,"" Curry said. Adds that it's obviously based on what's available and how it fits with the team. But also: ""Yes.""",warriors,108,17
Headband Klay at Media Day!,warriors,32,2
"[Burke] JTA says he added ten pounds in the off-season. Was in the weight room every single day. ""I've been trying my whole life to put on weight."" Gave a shoutout to the training staff for the strength and nutrition plan.",warriors,156,13
[McCauley] Stephen Curry on the possibility of not having starting forward Andrew Wiggins for home games: ‚ÄúIt‚Äôs not ideal.‚Äù His full first thought on the situation and Wiggins‚Äô choice: (Full Clip - 1:29),warriors,104,25
"Ladies and Gents, our very own, Capt. Klay ""Be like Water"" Thompson",warriors,113,4
"[95.7 The Game] ""James Wiseman on going on Klay Thompson's boat: ""It was fun... we were vibing. I was also his deckhand."" Wiseman also said him and Klay have been ""bonding a lot.""""",warriors,135,3
"[Slater] Klay Thompson's first game back will be at home. Steve Kerr: ""Bob's already told me it's got to be a home game. Klay will not be (returning) on the road.""",warriors,168,8
Can't believe Andre is back in a Warriors uniform. I'm Crying!,warriors,77,5
Numbers,warriors,96,6
"[Viray] Bjelica on playing the 5: ""The team plays fast and simple. I know I am a stretch 4 but I think here I can so many other things. I hope I'm gonna show that. Doesn't matter which position I play. I can play stretch 5, as long as I'm on the court and help them win.""",warriors,90,6
Stephen Curry plays basketball in 7 days‚Ä¶,warriors,195,31
Klay had his own three-point contest and didn‚Äôt miss,warriors,59,5
"[Connor Letourneau] Andrew Wiggins: ""I'm confident in my beliefs and what I think is right, what I think is wrong. I'm just going to keep doing what I believe, whether it's one thing or another.""",warriors,77,74
"[Slater] Bob Myers wouldn't discuss Andrew Wiggins or any player's vaccination status, but said: ""I'm optimistic come the first game at Chase (Center) we'll have our full complement of players (available)."" Besides injuries.",warriors,104,31
"Marc J. Spears on Twitter: ""There is a guy who has an excuse. Then there are guys that have values. (Andrew Wiggins) has actual values,"" said Warriors guard Andre Iguodala, who added he is vaccinated.",warriors,44,42
"[Slater] James Wiseman said he's running like ""50, 60"" percent, ramping up his lateral movement. He's been working with new assistant coach Dejan Milojeviƒá in recent weeks on various parts of his game, including: ""Defending without fouling, using my verticality at the rim.""",warriors,76,8
"[Burke] Kerr says the Warriors want to rebuild their offensive identity with better spacing, and this season he thinks they have a better group for spacing, with screens and know-how about playing off of Steph and Klay.",warriors,74,1
[Slater] Some of Andrew Wiggins' presser today declining to discuss his decision not to get vaccinated in much detail https://t.co/W54QrTuwCC,warriors,46,30
"[Anthony Slater] Andrew Wiggins: ""I'm just going to keep all that private right now...Anything that has to do with my status, vaccination, I'm going to keep it personal, private.""",warriors,43,15
"[Slater] Bob Myers said Klay Thompson can do a lot in camp, ""just not contact, no 5-on-5."" Said there will be a point -- ""maybe January"" -- where Klay will know he's ready. But it'll be a patient ramp up and a whole lot of scrimmaging, even high-intensity G-League practices before.",warriors,60,20
"[Slater] The expectation is that Andrew Wiggins will attend Media Day, practice in training camp and appear in the Warriors‚Äô first four preseason games, even while the vaccine situation gets sorted out. SF‚Äôs rule doesn‚Äôt enact until Oct. 13.",warriors,78,20
"[Burke] Regarding the development of Kuminga and Moody, Steve Kerr said there will be a mix of film work, on-court work, possibly games. ""We have the find the right mix of that as a staff.""",warriors,37,3
Klay Thompson is better at catch-and-shoot 3s than anyone in NBA history | Signature Shots,warriors,62,3
PSA: Youtube TV may lose NBC Sports Bay Area as soon as next week,warriors,26,13
"[Slater] Draymond Green isn't at Media Day today and could miss the first day or two of practice, per Bob Myers. Has an excused personal absence. Warriors expect him back soon.",warriors,38,9
UPDATED WITH PRICES SPREADSHEET - Warriors Season Ticket Holder - Selling games I can't attend - 4 seats in Lower Club Section 113,warriors,17,0
WHAT ARE WE GONNA DO ABOUT WIGGINS? Trade him for Buddy Hield?,warriors,5,61
8 days to Warriors basketball! ü§©,warriors,778,37
"[Simmons] ""[Mychal] Mulder‚Äôs contract is not guaranteed, and many in the organization believe he‚Äôll be cut during camp in the hopes that he‚Äôll clear waivers and be able to come back on a two-way contract.""",warriors,138,30
This clip never gets old on me! ü§£,warriors,280,4
"Michael Jordan and Stephen Curry Talk Ryder Cup, Golf, Basketball (Full Interview via Steph Curry's YT Channel)",warriors,116,6
"Daily Discussion Thread | September 27, 2021",warriors,7,275
Throwback to this HILARIOUS video!! Them boys were vibing,warriors,51,6
Is there anybody in the NBA that has had a crazier career?,warriors,1453,121
"Daily Discussion Thread | September 26, 2021",warriors,16,164
"[TheWarriorsTalk] Stephen Curry when asked if he's talking to Bob Myers about Ben Simmons' availability: ""Let's say, if you're not having those conversations, then you're not trying.""",warriors,142,77
Season ticket holder selling tickets to home games,warriors,1,8
Some guys from North Carolina,warriors,829,49
Going to my first warriors game on the 15th. Any recommendations?,warriors,14,15
Big shout out to the SF Dept. of Public Health,warriors,226,108
Only way Wiggins getting the Vaccine.,warriors,455,53
Shams Charania on Twitter: The NBA says it has reviewed and denied Andrew Wiggins‚Äô request for religious exemption from the San Francisco Department of Public Health‚Äôs order requiring COVID-19 vaccination for all participants age 12 and older at large indoor events.,warriors,483,166
"[Simmons] ""Kuminga indicated he was at least on his way to becoming vaccinated. He first said he wanted to check to see if he needed to get another shot before the start of the season, then said a second shot would come Oct. 22. Finally, the rookie forward said: ‚ÄúI‚Äôm vaccinated, man.‚Äù""",warriors,249,42
Imma leave it here,warriors,195,6
"[SF Gate] Warriors' Andrew Wiggins can't play home games without vaccine, says SF Dept. of Public Health",warriors,485,258
"Shams Charania on Twitter: Free agent Avery Bradley has agreed to a deal with the Golden State Warriors, sources tell me and @anthonyVslater.",warriors,522,92
"[Kawakami] Steve Kerr on Klay Thompson: ""I do know that watching him every day on the court, he‚Äôs really moving well, he‚Äôs in good shape, he‚Äôs happy, he‚Äôs excited to be back out on the floor with the guys...He‚Äôs finally on the cusp. And he feels it. You can see it in his walk. He‚Äôs excited""",warriors,511,20
Swole Klay,warriors,280,26
"[Slater] ""According to several people in the gym who watched the scrimmages this past week, Isaiah Thomas shot it well...The Warriors opted for more size and versatility over pure playmaking...Avery Bradley been given the impression, per a source, that he will have a real chance to make the roster""",warriors,122,14
"Daily Discussion Thread | September 25, 2021",warriors,11,172
"[Slater] After a strong week of workouts with the Warriors, I'm told Isaiah Thomas left town without a deal commitment and the belief is he will seek out a more clear opportunity to make a team elsewhere, as the Warriors prioritize wing and frontcourt depth.",warriors,123,15
Regarding Joe Lacob‚Äôs Tampering Fine.,warriors,100,31
"[Shams]: ‚ÄúThe Golden State Warriors are signing free agent guard Langston Galloway to a training camp deal, sources tell me and @anthonyVslater.‚Äù",warriors,123,25
"[Spears] The Warriors are bringing forward Jordan Bell to training camp as a non-roster invitee, a source told @TheUndefeated @espn. Bell previously played for Golden State from 2017-19 and last season.",warriors,92,22
Anyone got predictions for Avery Bradley?,warriors,9,27
"[Friedell] ""I can tell you there is hope internally with the Warriors that when push comes to shove, Wiggins will take the vaccine.""",warriors,290,89
Transportation Options to Chase Center from Marin,warriors,5,6
LMFAO,warriors,1340,124
"[Poole] Sources: Andrew Wiggins has been in the Bay Area this month but is restricted to individual sessions at Chase Center. Under current SF protocols, if he isn't fully vaccinated over next 20 days, those workouts will end.",warriors,190,52
‚ÄúThe Warriors should TRADE Andrew Wiggins TODAY!‚Äú,warriors,304,231
"[Simmons] ""[Bob] Myers said the squad will have one look without [Klay] Thompson, another as it tries to integrate him back into the fold, and a third when he‚Äôs operating at full strength. During each span, the Warriors will have to answer questions about expectations for the present and the future""",warriors,98,4
"Rob Pelinka announces the Lakers are fully vaccinated, including Kent Bazemore",warriors,120,35
[Golden State Warriors Twitter] - Another day in the office üíß,warriors,309,17
Wolves Fans ü§ù Warriors Fans,warriors,640,165
"Daily Discussion Thread | September 24, 2021",warriors,12,176
Andrew Wiggins COVID-19 Vaccine Timeline (with links),warriors,187,73
Come on Wiggs...,warriors,197,84
[Kurtenbach] Anti-vaccine nonsense could ruin the Warriors' season,warriors,272,179
Klay likes mountain biking apparently,warriors,14,11
"[Friedell] Warriors' Andrew Wiggins remains unvaccinated, source says, jeopardizing his availability for Golden State",warriors,283,164
Question for the Wiggins supporters.,warriors,51,163
Steve Curr,warriors,146,26
"[Charania] Free agent guard Ryan Arcidiacono has agreed to a training camp deal with the Boston Celtics, sources tell @TheAthletic @Stadium. Arcidiacono, who spent his first four NBA seasons in Chicago, worked out for the Warriors this week.",warriors,26,6
Just Klay on IG Live driving his boat around the Bay‚Ä¶ ü§£,warriors,43,10
"[Dumas] Former UMass Lowell guard, Obe Noel is back in town working out for the Warriors. Noel went undrafted but has worked out for the Dubs a few times now. Clearly there is some interest there. 6‚Äô5 scoring guard and 40% 3pt shooter. A lot to work with.",warriors,23,6
"[Spears] ""From what I saw from Kuminga, I think he, in time, will be an All-Star player‚Ä¶ He seems special.""",warriors,109,21
"[Simmons] ""There‚Äôs increasing concern among the Warriors about the early season availability of starting small forward Andrew Wiggins, who has declined to get vaccinated against the coronavirus, according to NBA sources.""",warriors,337,310
"[Charania] Warriors owner Joe Lacob has been fined $50,000 for violating anti-tampering rule regarding comments on 76ers‚Äô Ben Simmons.",warriors,457,104
"With Andrew Wiggins possibly missing every home game next season, it is possible that the Warriors play 18 games without him and Klay Thompson in the first three months:",warriors,104,114
"[Simmons] Steve Kerr on the Effect of the New Coaching Staff: ""Kerr said he‚Äôs already felt ‚Äústructural‚Äù and ‚Äúenergy‚Äù shifts in preseason workouts. ‚ÄúThat‚Äôs been really fun to feel, and it was only going to come with some difficult changes,‚Äù he said.""",warriors,167,16
Salary cap tax question re: Wiggins,warriors,28,15
"Daily Discussion Thread | September 23, 2021",warriors,9,162
Andrew Wiggins ranked 77 out of top 100,warriors,204,94
I‚Äôm starting to think Poole might be the most overlooked player in the league,warriors,159,46
I listened to a lot of podcasts last year because of the pandemic. These were real things the media was actually talking about... seems crazy looking back. I thought this would be good perspective for how quickly things can change once games are played.,warriors,102,18
[Fox Sports] Would Ben Simmons be a good fit for the Golden State Warriors?,warriors,0,42
All-Access: Juan Toscano-Anderson in Mexico,warriors,46,2
Breaking down the team's latest rehab updates on Klay Thompson & James Wiseman: Activity progressions and return timelines,warriors,27,3
Draymond Green and Stephen Curry - Give and Go (2020/21 NBA Season),warriors,39,2
"[R.Simmons] Joe Lacob on a Ben Simmons Trade: ""In some ways, it doesn‚Äôt really fit what we‚Äôre doing. He makes a lot of money. And, can he finish games? I don‚Äôt know. He‚Äôs very talented. The problem is: We have Draymond...That‚Äôs one issue. The salary structure is another.""",warriors,425,196
"[R.Simmons] ‚ÄúI understand the ‚Äòwindow‚Äô comment, but I think the window is bigger than you‚Äôre saying,‚Äù [Joe] Lacob said. ‚ÄúWe like this plan. We like having three lottery picks to develop while we‚Äôve got our guys still playing at a high level. I just think it‚Äôs a really nice position to be in.‚Äù",warriors,206,51
"[Shams] Free agent guard Quinn Cook is signing a non-guaranteed deal with the Portland Trail Blazers, sources tell @TheAthletic @Stadium.",warriors,295,87
"Daily Discussion Thread | September 22, 2021",warriors,9,110
Warriors film study: How Andrew Wiggins embraced his role with the Dubs (GSOM),warriors,136,12
Our guy Wiggins is becoming super lethal,warriors,85,40
NBA Breakdown | Draymond Green's Court Vision,warriors,32,5
JK got some jokes lol,warriors,532,24
Klay Thompson & James Wiseman injury updates: https://t.co/fDWbQl3Zse,warriors,231,70
[Serious] Should the Warriors consider trading for Zion Williamson?,warriors,0,41
Two Way Wigs honing his craft,warriors,39,4
How do you type Curry as a plural?,warriors,26,11
"[Slater] ""The 15th spot, detailed here, is expected to be filled by a guard or wing, with Gary Payton II the slight favorite...The Warriors are expected to bring in an extra big body for training camp and it‚Äôs possible a younger center can stick on that second two-way""",warriors,105,30
"[Spears] Warriors are working out free agent guards Isaiah Thomas, Avery Bradley & ex-Warrior Quinn Cook among others this week, sources told @TheUndefeated. Warriors would like to sign a big man & 2 guards for camp. Workouts will include 5-on-5 games with a diverse group of free agents.",warriors,320,89
"Daily Discussion Thread | September 21, 2021",warriors,13,100
"[M.Poole] In brief convo with James Wiseman in July, Warriors big man told me he was feeling good and hoped to be ready for training camp. Word is he‚Äôs coming along . . . but will be limited when camp opens next week.",warriors,83,20
Curry‚Äôs game winner vs OKC from a fan‚Äôs perspective [2016],warriors,51,10
BAY AREAAA! Jonathan Kuminga & Moses Moody Tour Their New Home,warriors,61,5
Untold Stories | Jason Richardson Remembers the We Believe Warriors,warriors,17,2
"Marc J. Spears on Twitter: ‚ÄúAlso told Warriors have sincere interest in @isaiahthomas, sources said.‚Äù",warriors,53,11
Wiggins,warriors,52,35
Warriors Season Ticket Holder - Selling games I can't attend - 4 seats in Lower Club Section 113,warriors,48,9
"3 rings and a gold medal later, Javale knows where it started.",warriors,139,6
Jordan Poole's Opening Pitch for the SF Giants,warriors,403,57
"Daily Discussion Thread | September 20, 2021",warriors,5,82
Back up PG scenario.,warriors,65,55
[Haynes] I'm told Golden State Warriors guard Jordan Poole will throw the first pitch in tomorrow's San Francisco Giants game against the Atlanta Braves.,warriors,439,8
The saddest part about this upcoming season,warriors,110,30
ü§Ø,warriors,990,73
"[TheWarriorsTalk] Quinn Cook will have a multi-day workout with the Golden State Warriors this week, a source tells me. Cook played two seasons with Golden State and was part of their 2018 championship team. He fits the mold of that ball-handling backup guard they are looking for.",warriors,167,68
"Daily Discussion Thread | September 19, 2021",warriors,9,63
Jordan Poole collection,warriors,188,14
Steph's rookie season mix,warriors,364,29
All Access || Warriors at Summer League,warriors,36,1
[@andre on IG] ‚ÄúI‚Äôm about to go crazy with buddy!‚Äù,warriors,593,53
[Joe Viray] The curious case of James Wiseman‚Äôs development,warriors,129,31
If you can change the outcome of any Warriors playoff series what would it be?,warriors,130,109
"Daily Discussion Thread | September 18, 2021",warriors,6,51
Anyone else get approved for Splash Zone tickets?,warriors,22,6
"Damian Lillard on Draymond Green showing him how to spray champagne: ""This is what it looks like when you haven't won a championship. I haven't won yet & Draymond has won 3‚Ä¶After we won the gold everybody is spraying champagne, I don't have much experience at it so I needed the champ to assist me.""",warriors,363,37
"Andre Iguodala Speaks On Investing, Entrepreneurship + His Future In The NBA",warriors,58,8
Mail day! Bring on 2021-22!,warriors,266,15
"[HoopsHype] Free agent guard Isaiah Thomas will be working out with the Warriors next week, sources tell me and @MikeAScotto.",warriors,442,189
"Daily Discussion Thread | September 17, 2021",warriors,10,51
"[Slater] ""Those in the gym when Collison visited said he looked solid ‚Äî in basketball playing shape and showing flashes of his former self in a pickup setting. But nobody was comfortable predicting whether Collison would be anywhere near the starting point guard that made the 2019 playoffs.""",warriors,111,22
Why Warriors must consider Gasol if NBA interest lingers,warriors,119,46
[META] /r/warriors is looking to add new moderators!,warriors,60,11
"Not a warriors fan but I love steph curry as I love the way he plays the game of basketball. You guys are lucky to have him as your point guard, cherish him. He‚Äôs my motivation for hooping everyday",warriors,275,19
Got my tickets for my first ever game at Chase Center!! So excited!,warriors,256,26
"Best Warriors shooters by zone over past 25 years: most efficient, most scores in a single season, most scored in total, most scored in 2014-2019 era.",warriors,430,57
"Daily Discussion Thread | September 16, 2021",warriors,13,42
[Dumas] Source: Ryan Arcidiacono is currently here in the Bay in the midst of a multi-day workout with the Dubs. Both Ryan and GSW are getting a feel for one another. Ryan spent the last four seasons in Chicago. GSW still needs backup point guard help. Could be a fit for both sides.,warriors,100,18
"Past Warriors season ticket gear boxed bobble head sets, etc",warriors,23,7
Jordan n' James hanging out,warriors,459,42
Just Steph taking pics with a fan at the Met Gala. üòÅ,warriors,982,75
20 days to go‚Ä¶.,warriors,167,17
"[The Athletic] Golden State Warriors star Stephen Curry will be covering golf at the Ryder Cup later this month as part of a ""global talent partnership"" announced Tuesday between NBC Universal and Curry's company, Unanimous Media. Curry will be part of NBC Sports' Golf Channel coverage (Sept. 24-26)",warriors,149,6
"Daily Discussion Thread | September 15, 2021",warriors,8,60
"Need help finding info on a game I thought was against the Jazz... opponent broke multiple team and league records, had 90+ at half and we beat them anyway. What game was this?",warriors,19,7
Stephen and Ayesha Curry At Met Gala,warriors,1117,86
[957 The Game] Moses Moody Joins The Morning Roast (9/14),warriors,29,5
My guy knows his meme. Protect him at all cost. - via Klay Thompsons IG Stories,warriors,151,2
"[Spears] The Warriors and Chase Center, as clarified by the City and County of SF on Sept. 10, states that fans ages 12 and older are required to show proof of full vaccination to enter the venue for events with more than 1,000 attendees, regardless of any extenuating circumstances.",warriors,464,80
"Daily Discussion Thread | September 14, 2021",warriors,15,119
21 days‚Ä¶ üòé,warriors,309,10
Will the Warriors still be wearing the Oakland Jerseys this year?,warriors,26,18
Jordan Poole should be a top candidate for Most Improved in the league this year‚Ä¶,warriors,132,44
Six Times Klay Thompson Broke The Game of Basketball,warriors,59,2
Untold Stories | Jason Richardson's Iconic Dunk Contests,warriors,25,3
"[Apricot] Explain One Play: Jonathan Kuminga, Offensive Piledriver and Tunneler",warriors,20,1
"[Slater] The Warriors are working out Ryan Arcidiacono this week, per source, as they continue to look for different options to compete for the vacant 15th roster spot in camp.",warriors,77,38
Warriors film study : Juan Toscano-Anderson‚Äôs importance to the Dubs (GSOM),warriors,72,15
No better way to play NBA 2K! ü§£üéÆ,warriors,963,38
"Alen Smailagic KK Partizan Highlights 32 Pts, 8 rebounds, 2 blocks, 2 assists vs Monaco",warriors,86,35
Steph Curry plays basketball in 22 days! üòú,warriors,426,17
Y‚Äôall remember last season when Jordan Poole tried to end LeBron James long career? üò≠ü§£,warriors,164,15
"Daily Discussion Thread | September 13, 2021",warriors,13,48
The Warriors have never lost a playoff series where all 3 of them started every game (16-0),warriors,973,44
Who will be #44? #offseasoncontent,warriors,27,11
Happy birthday to my favorite bench player! Dude's turnaround jumper was automatic,warriors,782,31
Players To Make The Jump: Golden State Warriors ‚Äì Jordan Poole,warriors,80,13
"Daily Discussion Thread | September 12, 2021",warriors,16,53
Part of Kuminga's Film Homework Seems to Involve Studying Paul Pierce's Step-Back Midrange Jumpers. Thoughts?,warriors,159,37
I just checked and was shocked when I realized that Looney is just 25 yrs old,warriors,285,52
What do you think JTA‚Äôs ceiling is?,warriors,9,42
Is Kuminga more NBA-ready than Wiseman at this point?,warriors,91,87
Wiseman is essentially a big wing right now. Why not let him play like it?,warriors,0,46
Difference in pervious and coming season,warriors,6,12
Highlight reels slept on Kuminga‚Äôs best play of summer league‚Ä¶,warriors,194,6
Phil Mickleson attempts a flop shot over the head of Steph Curry.,warriors,483,33
Stephen Curry is finally how he should be in 2k.,warriors,238,36
The rooks enjoying the city,warriors,707,59
A question about Kuminga regarding position,warriors,10,16
"Hey Warriors fans, how confident are you that Wiseman will be as good as Bogut, McGee and Looney were when they started games during the dynasty?",warriors,53,59
Jonathan Kuminga Working Late Last Night with Player Development Trainer John Davis III (@1johndavis on IG),warriors,217,49
"[Slater] Coaching switch up within the Warriors: Seth Cooper is now the head coach of the Santa Cruz Warriors and Kris Weems, who was the head coach, is moving into a player development coaching role for the Warriors.",warriors,289,50
"Daily Discussion Thread | September 11, 2021",warriors,9,33
[Jackson Frank] Jordan Poole‚Äôs Ability To Do An Admirable Steph Curry Impression Makes Him An Important Piece For The Warriors,warriors,171,19
I went to a Dubs game when Dre was on the Nugs and he almost got 6 with a 3 at the buzzer down 2. Was .1 seconds too late as the hall was on his fingertip when the clock expired.,warriors,15,8
Just got Splash Zone tickets,warriors,44,14
Do you ever just stop and think about the D-Lo trade?,warriors,698,141
David Fatoki has been named General Manager of the Santa Cruz Warriors!,warriors,29,0
Chris Webber's Best Plays with the Golden State Warriors | Hall of Fame Inductee,warriors,17,9
New Podcast: Trades the Warriors Should & Shouldn‚Äôt Make with Bonta Hill - Warriors Huddle - Omny.fm,warriors,12,5
Warriors Top 10 2k Ratings,warriors,350,97
How much better do you think the spacing and the pace will be?,warriors,32,12
Do you think having a young inexperienced team adds up to eventual contention? What if it doesn't?,warriors,0,10
"When Steph (and/or Klay a times but mostly Curry) got really ‚Äòhot‚Äô, there was nothing and I mean NOTHING like the Oracle Arena noise level! We sadly never got this last season at the new Chase Centre Arena coz of less to no fans, due to Covid restrictions but‚Äîits about to be lit this coming season!",warriors,688,68
[Viray] What a healthy Otto Porter Jr. can bring to the Warriors,warriors,78,7
TIL: Draymond Green once played spring football at Michigan State,warriors,66,8
Golden State Warriors Season Preview 2021,warriors,4,0
"That moment you so good, even the opposing team fans are literally cheering for you. Well in their defense though, that‚Äôs Steph‚Äôs hometown, but still‚Ä¶. üòÖ",warriors,188,14
"Daily Discussion Thread | September 10, 2021",warriors,6,137
"This might sound stupid to even bring up this topic, but is it me or is the Warriors Bench reactions hella underrated?? üò≠ü§£",warriors,56,11
26 days to go‚Ä¶.,warriors,841,58
"[Slater] Former Warriors guard Nico Mannion contracted a severe intestinal infection overseas, but has made a full recovery under care of Italian specialists at Sant'Orsola Hospital in Bologna, per source. He‚Äôs regained 17 of the pounds lost due to infection and begun individual training.",warriors,394,28
x Warriors will need to improve on four key stats next season,warriors,10,2
What can we reasonably expect from Jordan Poole?,warriors,76,51
Steph throughout his career. 1st Ballot HOF AF!!!,warriors,201,15
30 Times Stephen Curry Proved He's The Greatest Shooter EVER ‚òÑÔ∏è,warriors,24,1
"Daily Discussion Thread | September 09, 2021",warriors,11,75
"Of the young guys and free agents, who is everyone most excited to watch this coming season?",warriors,47,65
"[ftx_official Instagram] - Welcome to the FTX Team, Stephen Curry! We're excited to announce he's become FTX Global Ambassador and a shareholder. Though, who better to announce it than @stephencurry30 himself?!",warriors,111,17
Realistically how many titles can GS get if any by the time this era is done?,warriors,13,30
Stephen Curry plays basketball in 27 days‚Ä¶,warriors,1064,52
A warning for Warriors Season Ticket Holders selling through Ticketmaster,warriors,13,14
"In 2002-2003, AI was my favorite player in the league, and Earl Boykins was my favorite player on the Warriors. Little man mentality.",warriors,19,1
"Who are, in your opinion, the Top 10 best Warriors‚Äô of all time?",warriors,50,108
What would you like to see next season?,warriors,19,30
Vibes at games this year?,warriors,3,2
2021-22 importable dubs schedule?,warriors,3,7
Making an All-Steph lineup using different games of his career that highlight different parts of his game. (From @ballnumbers on Instagram),warriors,273,23
In an alternative universe‚Ä¶,warriors,267,37
"Daily Discussion Thread | September 08, 2021",warriors,12,110
Cinematic Curry| The number of times this man has cured my depression by just watching him play‚Ä¶.,warriors,58,12
"A couple big man cards I‚Äôve collected over the years. Not worth much, but cool sentiment",warriors,78,6
The Steph Narrative,warriors,72,30
Our boi,warriors,64,0
Andrew Wiggins,warriors,170,71
[Viray] Examining Nemanja Bjelica‚Äôs fit within the Warriors offense,warriors,71,21
"Explain One Play: Jonathan Kuminga, the defensive stopper",warriors,60,5
"Daily Discussion Thread | September 07, 2021",warriors,11,58
Virtus Bologna's Nico Mannion a few days ago. He could miss the first 2 months of the season due to a heavy intestinal infectionüôèüèΩ,warriors,485,55
Boat Klay attending the Giants game,warriors,1442,65
Bay Area Legends üåâ,warriors,604,20
klay / rocco mashup fan art i drew,warriors,64,3
Untold Stories || J-Rich - Rookie Season,warriors,9,1
Some bay royalty right here,warriors,395,12
Klay‚Äôs fit at the Giants game tonight,warriors,104,4
Nobody fucks with the Klaysus,warriors,100,5
boat klay is back yall!!!,warriors,166,13
[Thorpe] Ben Simmons would be a great Warrior | That's a hell of an upgrade over Kevon Looney,warriors,0,65
Nice Analysis of Dubs' Cap Situation & Possible Trades,warriors,0,26
"Daily Discussion Thread | September 06, 2021",warriors,15,50
The Last Dance: Steve Kerr is the man,warriors,251,28
"5 weeks 6 days to go, till we see Steph play‚Ä¶",warriors,43,6
"[Kawakami] Thoughts on the Warriors' front office, from the Kawakami mailbag: ""some people in the office are higher on Simmons than others...That doesn‚Äôt mean there‚Äôs some schism that needs to be monitored. It‚Äôs just a discussion.""",warriors,79,40
[D'Alessandro] Johnny O'Bryant Working out with Brooklyn Nets & Golden State Warriors. He also has Interest from high level Euro clubs and CBA teams,warriors,18,13
No Look Dimes from Stephen Curry || Highlight Mix,warriors,19,1
"Daily Discussion Thread | September 05, 2021",warriors,17,143
Love Stephen Curry's reaction after James Wiseman dunk,warriors,584,36
"Fran Fraschilla, ESPN Analyst, about Kuminga's shooting during a broadcast: ""I watched this kid during a workout in may and he made 75 out of a hundred threes.""",warriors,208,72
"Wiseman back in training, recovery looking good üëÄ",warriors,802,118
"[Charania] Free agent C/F Marquese Chriss has agreed to a non-guaranteed deal with the Portland Trail Blazers, sources tell @TheAthletic @Stadium . Chriss has fully recovered from broken leg last December and will compete for a roster spot in Blazers' camp.",warriors,361,62
"Headband Klay says he's going ""Full Jackie Moon this season. Moody showing love on ig.",warriors,262,11
[NBC Sports] Ex-Warrior Jack sees big things in Kuminga's future,warriors,99,17
"Daily Discussion Thread | September 04, 2021",warriors,14,142
"[Fan Art] Nobody asked for it, but here are our Rooks in Pok√©mon Cards",warriors,258,20
"Flashback Friday - Monta Ellis: ‚ÄúIf we could do it with 7 guys, when we have 12 it shun‚Äô be no problem, it should be a piece of cake.‚Äù",warriors,53,24
Warriors Splash Zone is back!,warriors,33,7
‚ÄúWhere you at old man?‚Äú ü§£,warriors,1090,36
"Klay Thompson on IG Live: ""Can we go Warriors and Giants champions this year? The Giants are playing out of their mind! I love the Kris Bryant acquisition. He reminds me of myself...We need some champions in the Bay this year""",warriors,481,80
NBA realizing Warriors got the steal of the draft,warriors,120,48
"Daily Discussion Thread | September 03, 2021",warriors,16,127
"J Wise visiting the Potrero Steet Projects, out with the people, stay safe out there!",warriors,611,79
"[Slater] The biggest outstanding question surrounds the vaccination status of Andrew Wiggins. The Warriors can‚Äôt force any of their players to get it, but the league is permitting teams to reduce compensation and fine or suspend a player if they aren‚Äôt compliant.",warriors,345,324
"Ahh, the Good Old Days!",warriors,28,2
Wiggins putting in the work with @drrible2much,warriors,166,39
"[Slater] ""The Warriors front office isn‚Äôt currently split on whether or not to accept a Ben Simmons trade offer from Philadelphia. Talks can‚Äôt be considered dead because they‚Äôve never even really been alive, multiple sources confirm...There was only a decline and a hang up.""",warriors,227,79
"[Murray] I-Can All-Stars Coach Rockhead Johnson on Looney Helping Him Win His 1st Drew League: ""[Kevon] Looney‚Äôs a pro...he‚Äôs a champion. Looney told me, ‚ÄòI got this.‚Äô When I was going to put another big in, he said, ‚ÄòNo, you keep what you got, I got this.‚Äô And that‚Äôs when you trust your players.""",warriors,91,8
Wiggins or Ben Simmons,warriors,53,162
"Jake Fischer on the Ben Simmons situation: ""It's still-water right now. Sacramento and Golden State have gotten off the phones. Minnesota's package hasn't moved the needle for Philadelphia. Toronto has been out on Simmons since drafting Scottie Barnes.""",warriors,35,37
"Free agent Paul Millsap has agreed to a deal with the Brooklyn Nets, his agent DeAngelo Simmons told @TheAthletic @Stadium",warriors,115,133
Coach Steve Kerr with LifeMoves on Sept 23 (local nonprofit event),warriors,12,0
Splitting 4 ticket mini plan???,warriors,6,7
[B/R] Warriors Bold Predictions Ahead of 2021-22 NBA Season,warriors,18,10
Iggy‚Äôs farewell message to Max Kellerman after he leaves First Take!,warriors,1053,50
Jonathan Kuminga vibing to some Justin Bieber after practice. The song in question: Essence by Wizkid feat. Justin Bieber,warriors,73,17
"[Charania] Sources: Unvaccinated NBA players in markets with local requirements ‚Äî such as NYC (Knicks, Nets) and SF (Warriors) ‚Äî will not be allowed to enter home arenas or facilities for games or team activities conducted there unless there‚Äôs approved medical or religious exemption.",warriors,394,156
[MacMahon] Source: Mavs are signing guard JaQuori McLaughlin to a two-way deal. He played for the Warriors‚Äô summer league team.,warriors,135,39
"Daily Discussion Thread | September 02, 2021",warriors,11,188
48 days to go‚Ä¶.,warriors,179,4
Selling 3x Warriors tickets Section 216 Row 3,warriors,2,4
favorite and best card from my growing JP collection,warriors,59,8
Why again did the Warriors trade Eric Paschall for next to nothing?,warriors,62,44
[Robin Lopez on the origin of his hatred for mascots] ‚Äú3rd or 4th grade. Thunder (Warriors mascot) asked for my name. I had a speech impediment and said ‚ÄòWobin‚Äô. And he signed it ‚ÄòTo Robin - where‚Äôs the W?‚Äô‚Äù,warriors,61,9
"GUYS IF YOU DIDN'T KNOW, MY WIFE IS AMAZING! Klay Thompson is my favorite player by far in the league and she just up dropped some change on opening night tickets for my birthday. What a gal!",warriors,383,36
With expensive ticket prices are Warriors games mostly filled with wealthy people or do people just splurge?,warriors,72,97
Which game to buy tickets for?,warriors,18,20
"[Poole] ""According to league sources, any interest the Warriors might have in Simmons is conditional. In short, they‚Äôre not that interested as long as Draymond Green is on the roster. The Warriors, according to sources, are divided on the subject [of Draymond and Ben as teammates].""",warriors,211,155
The üêê putting in off season work with Brandon Payne!!!!,warriors,725,70
49 more days to go‚Ä¶.,warriors,435,27
Another day. Another Warriors sports card hunt. Just stole this 2019 Draymond Green Hyper Prizm PSA 10 for $39.99. Best part... It's the only PSA 10 in existence (Pop 1).,warriors,70,21
What are some of your bold/hot takes for the dubs this upcoming season?,warriors,76,89
"Daily Discussion Thread | September 01, 2021",warriors,16,155
Some of our players will likely regress from 3pt range next season. This will be normal and expected and shouldn't be upsetting.,warriors,57,14
"[Lupo] Former Virginia forward Braxton Key is working out for the Golden State Warriors this week, agent Evernard Davis tells Sportando. He played in the G League last season and was with the 76ers at summer league.",warriors,31,4
"Derrick Alston Jr. out of Boise State is an intriguing undrafted, 23-year-old, 6'9 wing who showed flashes of his potential and ability as a shooter, secondary playmaker, and versatile defender during this past Summer League with the Warriors.",warriors,48,11
"This moment when Steph, Klay and KD were all open at the same time, but instead of calling for the ball, they pointed at each other. Chemistry. üëè (h/t JJF30/Reddit)",warriors,1808,81
OFFICIAL: Korean team Anyang KGC signed former Warrior Omari Spellman for the 2021-22 season.,warriors,137,39
Back again for another day of Warriors trading card purchases. Saw this on Ebay and noticed there were no others. So I checked the PSA population report. Looks like there's only SEVEN of these graded 10 in existence right now ü§Øü§Øü§Ø. Pumped to be an owner of one for just $69. It's Klay Day!,warriors,60,2
How bad should i feel for missing out on the godly Warrior teams?,warriors,159,91
Simmons with the bench unit?,warriors,0,38
"Daily Discussion Thread | August 31, 2021",warriors,20,180
Steph Currys Offensive Impact In A Game Where He Dropped 11 Points on 18% Shooting ( Worst Playoff Performance Of His Career). This Is What Makes Him A Top 3 Player IMO,warriors,81,7
"[Charania] Warriors No. 14 pick Moses Moody is signing a multiyear endorsement deal with Nike, sources said. Moody averaged 16.3 points and 2.8 rebounds in four summer league games.",warriors,420,39
"[Chris Haynes] Free agent guard Darren Collison will work out for the Golden State Warriors this week, league sources tell @YahooSports .",warriors,250,72
Feels like eternity‚Ä¶ üò≠,warriors,135,8
Is Kyrie more skilled offensively than Steph?,warriors,0,61
"[M. Poole] For those clamoring for, or curious about, Avery Bradley to the Warriors: Very unlikely, I'm told.",warriors,79,18
[KOC ft Marcus Thompson] Can James Wiseman and Jonathan Kuminga Help the Warriors Win Another Title? | Ringer NBA,warriors,82,29
The rooks playing some VR together,warriors,495,16
Untold Stories || J-Rich - Draft Night,warriors,16,2
‚Äò..bUT sTEph oNlY sHoOts 3s.‚Äô,warriors,43,14
50 plays to celebrate 50 days UNTIL DUBS BASKETBALL IS BACK,warriors,29,1
NBA.com Offseason Power Rankings (West): 1. Suns; 2. Lakers; 3. Jazz; 4. Mavericks; 5. Clippers,warriors,29,17
Kevon Looney & I Can All-Stars Defeat Montrezl Harrell & Public Enemy 92-91 in OT to Become the 2021 Drew League Champions,warriors,146,11
Alright. I finally did. I made my first decent card investment and this is it. I'm telling myself money isn't important and it was a great investment ü•µ. The üêê pictured in a 2009 Topps Rookie card. Graded 9 by Beckett. A 10 would be nice but I don't have 12k laying around.,warriors,155,36
[Bball Index] Top 2009-21 offensive impact seasons for guys in our Primary Ball Handler Offensive Archetype: 1. 2015-16 Steph 2. '16-17 Steph 3. '17-18 Steph 4. '20-21 Steph 5. '14-15 Steph 6. '16-17 IT 7. '18-19 Dame 8. '18-19 Steph 9. '19-20 Trae 10. '11-12 Harden,warriors,101,10
"Jordan Poole, Steve Kerr's previous backup point guards, and the Warriors' gamble on pristine health at the point guard position",warriors,212,53
"Daily Discussion Thread | August 30, 2021",warriors,17,209
Is Wiggin's our best perimeter defender? Will he be assigned to defend the likes of Durant ?,warriors,494,78
FREE - Small kid/toddler Steph jersey and Town t-shirt,warriors,40,2
30 x Mount Rushmore,warriors,102,7
Iggy and the rooks this off-season..,warriors,371,15
Stephen Curry‚Äôs Top 10 UNREAL Crossovers in LEAGUE-LEADING PPG 2020-21 NBA Season üëÄ,warriors,58,4
Moody throws the first pitch at the A‚Äôs game,warriors,416,40
Moody suited up to throw the first pitch at the A's game. Kuminga showing love on IG,warriors,366,8
"Daily Discussion Thread | August 29, 2021",warriors,16,76
Make the comment section look like this guy's search history,warriors,473,162
"[Shams] Guard Rajon Rondo has agreed to a contract buyout with Memphis and will become a free agent, sources tell @TheAthletic @Stadium.",warriors,137,46
[Cermak] Steph Curry buys a Bored Ape NFT for 55 ETH (~$180k) and makes it his Twitter profile picture,warriors,208,90
"Throwing out the first pitch for the @Athletics, @mosesmoody ‚öæÔ∏è https://t.co/6UfyI5FIky",warriors,85,6
[PD Web] Jonathan Kuminga Summer League Review,warriors,42,6
Warriors Assemble,warriors,918,106
Juan Toscano-Anderson: 2020-21 Season Recap (from his own youtube channel),warriors,135,17
"I doodled for every NBA Team: Can you find the warriors Logo and Steph ""Curry"" Curry",warriors,473,60
Let‚Äôs gooooo,warriors,134,1
"Daily Discussion Thread | August 28, 2021",warriors,18,123
"Steph Curry 2-Ball Pre-Game Dribble Routine - Age 12 (one continuous shot, no edits)",warriors,47,11
Coach Kerr 3-point Shooting % GOAT sharing his technique,warriors,217,22
Moses Moody on The Jim Rome Show,warriors,26,6
Why isn't the consensus in 2018 WCF that the warriors beat the rockets fair and square ?,warriors,209,102
Made this NBA 2021/22 schedule for all the Warriors fan out there.,warriors,98,24
[Golden State Warriors] Only one rookie in the league had 80+ dunks last season: James Wiseman #NBADunkWeek,warriors,410,78
What are your expectations for James Wiseman this upcoming season?,warriors,143,130
Last night Steve Kerr sat in front of me eating tortilla chips at the Padres/Dodgers game at Petco,warriors,1095,96
It has recently come to my attention that both Jordan Poole and James Wiseman have adopted pairs of kittens,warriors,396,19
Just something to watch to feel good about Klay coming back....,warriors,42,4
"Klay Thompson EPIC Full Game 6 Highlights vs Thunder 2016 Playoffs WCF - 41 Pts, 11 Threes, CLUTCH",warriors,118,11
"Daily Discussion Thread | August 27, 2021",warriors,11,160
Breaking down Klay's latest rehab footage and a key detail that bodes well for his recovery [OC],warriors,151,34
[JSquared] Year 3s gonna be a fun one,warriors,440,30
WHEN STEPHEN CURRY IS ON FIRE (HYPE CROWD REACTIONS)!!!,warriors,58,9
[PD Web] Moses Moody Summer League Review,warriors,20,10
Players we can trust with the fate of the universe on the line this season!,warriors,128,70
Toxic Fandom,warriors,415,29
"Daily Discussion Thread | August 26, 2021",warriors,14,73
Official pre-season schedule released,warriors,131,15
"Moses Moody on why Warriors are his 'perfect scenario,' looking up to Klay Thompson | Dubs Talk",warriors,120,8
Look at Curry. So inspirational man!,warriors,617,85
"James Wiseman taking advice from Jordan Poole, adopts kittens from shelter",warriors,1271,66
Klay Thompson Once Said‚Ä¶,warriors,32,9
Stephen Curry ... dunk montage? That's right. 3:32 of Steph in-game dunking!,warriors,130,16
"Klay running back and forth the corners, swishing 10 3s in a row ‚ù§Ô∏è",warriors,990,82
"The unique of Steph Curry+the only time Kawhi hit the floor on defend =the highlights that should be replayed more. Also Curry didn‚Äôt lose Kawhi and hit a jumpshot, he break his ankle and hit one",warriors,325,18
[Season Tickets] Warriors PSL and season tickets for sale,warriors,3,0
DeAndre Jordan Rumours,warriors,0,31
[via BasketballForever] Klay missed 2 years and still played more games than Kyrie ü§Ø,warriors,502,45
"Daily Discussion Thread | August 25, 2021",warriors,13,256
Moody shares which Warrior he has learned from most so far,warriors,97,8
"[Fischer] ""Golden State has been the team most often linked by league sources to Paul Millsap...but Millsap's conversations with teams this summer have revolved around salary figures at or near the $5.9 million tax-payer mid-level exception, sources said.""",warriors,285,161
How old is Rocco? (Klay's dog),warriors,23,10
Favorite warriors games to watch to get hyped for next season,warriors,48,21
Anyone know the status on Kyle Guy and if he‚Äôs signing with the Warriors?,warriors,12,10
Watched the entire thing again. Hopefully we get to witness atleast one more speech in the next few years!,warriors,44,1
"Steph Curry's Mom, Sonya, Files For Divorce From Dell",warriors,809,367
Taken from Instagram. Let them sleep on us.,warriors,379,109
Anyone buy tickets from seat geek before?,warriors,9,10
"""Dog, they pay me to shoot the ball""-Klay Thompson",warriors,282,18
"Daily Discussion Thread | August 24, 2021",warriors,11,123
The Untold Story Of Stephen Curry & Klay Thompson‚Ä¶.,warriors,38,8
Steph makes Lebron dance.,warriors,197,35
Mmmmh‚Ä¶ interesting!,warriors,641,69
Rank em,warriors,65,71
Mike Dunleavy Jr gets ejected and throws his jersey into the crowd,warriors,44,17
"[Ethan Strauss] So, I‚Äôve left The Athletic (on good terms) to go and start the House of Strauss Substack. Here‚Äôs what I‚Äôm doing, why I‚Äôm doing it, and how I considered trying to get myself fired for the publicity. Subscribe today!",warriors,46,14
This Curry mix funny as hell but jiggyü§£,warriors,3,0
Coach,warriors,24,35
For Klay is it mostly about getting into shape or is he at risk for more devastating injuries?,warriors,155,48
"Daily Discussion Thread | August 23, 2021",warriors,10,148
"what's gonna happen to Klay, Wiggs and Dray's next contracts?",warriors,177,110
Klay Thompson: junior hockey record holder LOL,warriors,1002,47
How do fans find out about signing events?,warriors,45,9
Jordan Poole's 26-point Drew League Debut,warriors,203,34
2021-2022 ROSTER CAREER BEST ALMANAC [OC],warriors,367,62
Mr.3000,warriors,152,25
Jonathan Kuminga ‚Ä¢ collage piece by me,warriors,312,27
"[DraftDummies] We have 2 months of offseason until CBB & NBA start up, so one thing I'm going to start doing is threads (idk 2x a week?) highlighting young players in the NBA including my thoughts, stats, etc 1st up -- Jordan Poole, my pick for MIP next yr",warriors,70,9
"Daily Discussion Thread | August 22, 2021",warriors,14,155
Bob Myers on Steph's contact extension: 'under our Warriors banner as long as we can',warriors,53,2
Our full schedule for next season!,warriors,296,49
Top Ten best plays of Summer League (Dub dunks are #6 and #4),warriors,16,1
[Warrior's Instagram] Fans 12 years and older need to show proof of full vaccination to enter the venue unless they have a medical or religious exemption.,warriors,364,149
What makes our roster so flexible?,warriors,66,38
"(Singer) Veteran Paul Millsap is still out there in free agency. Have heard both Golden State and Brooklyn are interested, per source.",warriors,366,117
"[Kawakami] Steph Curry on Career Parallels with SF Giants' Buster Posey: ""For sure...transplants to the Bay Area that have made it a home and have obviously stuck through some rebuilding years, winning and trying to reclaim that. It‚Äôs pretty awesome to know that we‚Äôve made this our home.""",warriors,689,60
Bought this 2014/15 season beauty to add to my collection.,warriors,70,4
"[mike gribanov] Players 23 and under as of today, with at least 53% eFG, 0.5 3PM per 100 poss, 25 pts per 100 poss and 4 ast per 100 poss last season: Luka Doncic, Brandon Ingram, Jayson Tatum, Shai Gilgeous-Alexander, Jordan Poole, Malik Monk, Jalen Harris..",warriors,142,19
Who is your all time favorite Warrior,warriors,195,166
Might just be me but this is an easy start of the season. I think we could start off like 6 or 7 games over .500 even with Klay missing the start of the season.,warriors,195,89
The Warriors target Klay Thompson‚Äôs return for Christmas Day,warriors,166,34
"Daily Discussion Thread | August 21, 2021",warriors,14,90
A Golden Moment,warriors,179,8
A List of EVERY Nationally Televised Warriors Games for the Upcoming 2021-22 NBA Season,warriors,37,12
[Golden State Warriors] Mic'd Up: Jonathan Kuminga at Summer League 2021,warriors,43,6
"[NBA] The three franchises that have played in every NBA season ‚Äì the @nyknicks , @celtics and @warriors (who began as the Philadelphia Warriors) ‚Äì will face each other across three nationally televised games during a five-day stretch in December.",warriors,70,1
How good is this team if we have to play without Klay most of the year?,warriors,43,56
Klay‚Äôs jumpshot from his story,warriors,1060,92
"Aiming to outshine even the Vegas Strip, Jonathan Kuminga pursues his NBA dream",warriors,98,23
The best Summer League game of the year. Moody and Kuminga combine for 40 vs. OKC w/ Renee Montgomery doing color commentary.,warriors,51,11
Warriors 2021-22 Schedule https://t.co/1Z7quZbT9O,warriors,36,13
Warriors duo was highest scoring duo last season,warriors,628,68
[Fan Art] Agent 007 - Golden State,warriors,83,15
So Clean. So Simple. So Nostalgic...,warriors,107,19
Why are the expectations of this team so optimistic?,warriors,0,38
Season Ticket Holders Able to Access Tix?,warriors,4,2
Potential Lineups (Pre-Klay / Christmas),warriors,0,23
DOUBTED - Stephen Curry (Motivational Mini-Movie),warriors,15,3
Easily the most excited I've been about a Warriors season since 2017,warriors,340,70
Warriors Reloaded,warriors,777,82
Hoping that the dubs will sign Marquese Chriss...,warriors,83,61
Open practice date?,warriors,7,2
Any good places to buy tickets?,warriors,0,2
"[Andrews] Jonathan Kuminga on Why He Doesn't Trash Talk: ""I just smile. I don't say nothing. If you stay quiet against someone who's coming at you and talking too much, it's going to get tired. Then they won't say much...I don't talk trash. My basketball talks trash.""",warriors,713,72
"Jonathan Kuminga was One of Summer League's Most Prolific Transition Finishers (Dunks, Layups, & Floaters) According to Synergy Basketball",warriors,85,7
Warriors Ball Movement 16/17!! ‚Äî I miss this. Hopefully back at it this season with everybody healthy now.,warriors,52,17
That smile‚Ä¶ (via Warriors YT),warriors,389,46
"Daily Discussion Thread | August 20, 2021",warriors,16,168
I am so fucking stoked to have Iguodala back,warriors,132,21
[B/R] Kevin Durant-Draymond Green Bombshells Reveal Bigger NBA Truths,warriors,0,7
"[Vecenie] Summer league rookie scouting reports: From Cade Cunningham, Jalen Green and Davion Mitchell to standouts and surprises",warriors,108,41
Justinian Jessup was One of Summer League's Most Efficient Off Ball Scorers According to Synergy Basketball,warriors,69,37
Steph and MPJ at Woodside Priory High school here in the bayüëÄ‚Ä¶oh and Damion Lee too lol,warriors,161,46
How do you feel about this years team compared to last season?,warriors,31,37
I interpreted the interview way different than most people I've seen discussing it.,warriors,67,35
Warriors Tickets 101,warriors,12,3
New Podcast with Krysten Peek: How Kuminga and Moody Change the Warriors,warriors,30,4
Shoulda Been Quese,warriors,0,20
Jonathan Kuminga rolling in a Lambo üëÄ,warriors,661,140
LeBron disagrees with Steph‚Äôs player rating on NBA 2k22.,warriors,1807,168
[Overtime/Twitter] Kevon Looney getting cooked at his own camp,warriors,148,41
"I thought bringing this to your attention might be a good deed lmao. I don‚Äôt know about y‚Äôall, but I‚Äôm making this bet. In terms of a potential return on investment, JP is perfect for both.",warriors,46,41
"Daily Discussion Thread | August 19, 2021",warriors,17,261
Best of Jonathan Kuminga at NBA Summer League,warriors,77,14
"Golden State eviscerates Portland in Game 4 of the 2017 First Round series, going on a 28-5 run in the first 6 minutes of the game for perhaps the quickest garbage time in playoff history.",warriors,162,20
"[Bleacher Report] Kevin Durant, Draymond Green Say Warriors Brass ‚ÄúF--ked It Up‚Äù | FULL INTERVIEW (Chips)",warriors,342,300
A 10 minute deep dive on Moses Moody,warriors,19,6
Made a photoshop collage - Return of the Death Lineup,warriors,155,28
"On the next ""Chips""",warriors,102,22
Draymond comments on our FO etc.,warriors,122,132
"[GSW Twitter] ""I started playing basketball before I could walk."" From balling in Little Rock, Arkansas, to making his Summer League debut, No. 4‚É£ has been preparing for his NBA moment his entire life. @Oracle || #DubNation https://t.co/5IT7dbYkKA",warriors,74,1
"[Woj] From October, 2019: Draymond Green and Bob Myers together on The Woj Pod",warriors,44,10
Serge and Klay mixing it up,warriors,744,39
"Draymond Green on KD's podcast in April referencing his conversation with the FO regarding the Clippers game: ""...there ain't nothing you can do to fix it. I'm the only person that can fix it""",warriors,24,15
"TIL in 1978, Warriors player Clifford Ray used his nearly 4ft reach to extract a metal bolt from a dolphin's stomach",warriors,69,8
A small painting I finished on A3 linen canvas paper. All acrylic using brush. Greatest shooter of all time.,warriors,115,13
Jonathan Kuminga Full Summer League Highlights,warriors,70,8
Draymond and KD Interview,warriors,20,33
Warriors 2021-22 Hype Video x Avengers Endgame,warriors,362,43
"The Warriors Beautiful Offense: No Durant, No Problem",warriors,37,13
"[Amick] Per league source, the 75th regular season will tip off on @NBAonTNT like this on Oct. 19... * Brooklyn at Milwaukee * Warriors at Lakers Yes, please...",warriors,490,76
Moses Moody with a Splash from deep range.,warriors,113,14
What do you y'all think about signing Meyers Leonard?,warriors,0,26
My Insight of Jonathan Kuminga. A visual observation. Showing promises that he can walk the path of Giannis or Lebron. Summerleague Overreaction.,warriors,76,68
"[Slater] The Warriors will play in Phoenix on Christmas, I‚Äôm hearing. Another marquee conference road matchup, along with at Lakers on opening night, as @sam_amick reported.",warriors,251,21
"[POST GAME THREAD] MGM Resorts Summer League 2021: Golden State Warriors (2-3) fall to the Los Angeles Lakers (3-2), 76-84 in their SL Finale",warriors,77,53
"[Slater] Home opener at Chase Center will be Warriors vs Clippers, I‚Äôm hearing.",warriors,220,25
"Daily Discussion Thread | August 18, 2021",warriors,13,284
Another trailer for the Dray/KD interview. Questions look spicy,warriors,155,39
[Bay Area Sports HQ] Warriors Summer League coach Kris Weems on how Moses Moody's game win translate to the NBA now that he has seen more of him. #DubNation #WarriorsGround https://t.co/x5ITbT33bh,warriors,42,10
Hope Dray and the Coaching Staff are using this...,warriors,94,30
[Golden State Warriors] Leading off for the Summer Dubs: Jaquori McLaughlin Kyle Guy Moses Moody Justinian Jessup Selom Mawugbe,warriors,47,11
[GAME THREAD] MGM Resorts Summer League 2021: Golden State Warriors (2-2) vs. Los Angeles Lakers (2-2) 8/17/21 4:00 PM PST,warriors,30,364
A New Generation,warriors,1100,129
Opening week schedule,warriors,23,12
"Bob Myers talks Warriors Rookies, Additions of Otto Porter, Andre Iguodala & Not Bringing Back Kelly Oubre",warriors,57,6
These press photos of the rookies are Epic,warriors,522,36
Kevon Looney on the trials of guarding James Harden,warriors,47,12
"Daily Discussion Thread | August 17, 2021",warriors,21,403
Dubs Future üî•Agent #007,warriors,232,59
"Kevin Durant and Draymond Green Sit Down To Talk Warriors Dynasty | ""Chips"". Interview drops on Wednesday. Media will have fun with this one. LMAO",warriors,291,87
"Kerr, Warriors regain 'soul' with Iguodala's return",warriors,148,18
"[Dubs Talk] Steve Kerr on Andre Iguodala's return, expectations for Klay Thompson and Jonathan Kuminga's ceiling",warriors,103,31
The future,warriors,652,56
Can't wait to add kuminga and moody next year to completed the next generation core.,warriors,108,8
How could they do Jordan Poole like that?? üò§,warriors,837,137
Trivia Question,warriors,12,27
African King,warriors,313,43
Assessment of Kuminga's performance in the game vs Pels,warriors,132,41
How much are single game tickets usually?,warriors,25,18
I am a no for Ben Simmons for kuminga or moody,warriors,273,118
"Hi guys, I'm former Boise State grad curious about Justinian Jessup. Do you guys think he has a realistic shot at a Two-Way with you this season?",warriors,38,39
Gotta love the old school flow.,warriors,19,5
Wiseman built like a magnificent beast,warriors,416,79
Seat view of Kuminga's monster dunk,warriors,147,6
"Flashback to when the announcer said ""Look at Curry, so inspirational man."" to a deep 3.",warriors,79,2
"[POST GAME THREAD] MGM Resorts Summer League 2021: Golden State Warriors (2-2) fall to the New Orleans Pelicans (4-0), 79-80",warriors,115,180
Kyle Guy to Kuminga for another monster slam,warriors,153,17
"Asst. GM Larry Harris on what the Warriors are looking for with their last two training camp spots: ""Maybe a scoring 1/2, 2/1 type player and maybe another big."" - ""Either players we feel are going to be able to develop in Santa Cruz or somebody that can maybe make our roster as the 15th.""",warriors,102,19
Final sequence of the game,warriors,26,0
Defense leads to offense.,warriors,78,4
Jordan Poole spotted at the Drew League üëÄ,warriors,256,20
"Daily Discussion Thread | August 16, 2021",warriors,21,220
[GAME THREAD] MGM Resorts Summer League 2021: Golden State Warriors (2-1) vs. New Orleans Pelicans (3-0) 8/15/21 6:00 PM PST,warriors,91,753
Steph Curry Just Did Something We May Never See Again...,warriors,25,0
[Golden State Warriors] Inactive tonight for the Summer Dubs: Ryan Taylor (right ankle sprain) Moses Moody (chest contusion) Gary Payton II (rest),warriors,71,7
Warriors' Summer League finale will be on Tuesday at 4pm (PT) against the Los Angeles Lakers on ESPNews.,warriors,39,1
"What we learned about Kuminga, Jessup in Warriors' SL loss",warriors,4,11
Analysis: What Steph Curry SAYS during GAMES,warriors,8,0
[Lets Go Warriors] Wiseman meniscus rehab,warriors,57,20
Leandro Barbosa dresses up as an avatar and scares the sh*t out of Robin Lopez.,warriors,69,6
"If the Clippers buy out Rondo and/or Beverley, would you consider it worthwhile to sign one of the two on a minimum?",warriors,57,49
"Moses Moody Scores 22 Points in Warriors' Summer League Win | August 13, 2021",warriors,56,1
Mychal Mulder is a baller and he deserves his flowers.,warriors,100,93
GF went shopping and got me this. Excited to see Skyfucker in action with Klay back next season!,warriors,128,4
1:41 Behind-The-Scenes at Golden State Warriors Summer League Practice,warriors,51,6
You love to see it,warriors,867,69
Dubs vs Pels SUMMER LEAGUE Highlights (10min),warriors,6,1
TM3 vs Moody,warriors,8,23
Let's do the hypothetical,warriors,38,79
[Kendrick Perkins] I damn show might have got Moses Moody name wrong but I damn show ain‚Äôt get his game wrong!!! He will play meaning minutes for Golden State this season. Carry the hell on...,warriors,319,80
Please stop with the nickname stuff.,warriors,548,176
Too hyped for the season so getting my jerseys ready,warriors,245,30
"Daily Discussion Thread | August 15, 2021",warriors,29,308
Kuminga and Jessup drain consecutive alternating 3's during Summer League practice.,warriors,184,31
The nuggets you find while Warriors YouTube surfing,warriors,88,10
Wiseman Is one of the most efficient big men in the paint on catch and shoot.,warriors,150,101
[mike gribanov] Here is a compilation of a few fun Jordan Poole plays from last season. He is fucking awesome.. Also a good example of a guy who improved his handle a ton since HS,warriors,131,11
What teams see with all the dubs wingspans,warriors,54,3
Kuminga's role,warriors,136,82
Warriors rookie Moody making quiet noise in Summer League,warriors,88,16
moses moody has a 7'ft 1 wingspan ‚ò†‚ò†‚ò†‚ò†,warriors,167,36
Kuminga Hype,warriors,0,53
[Slater] A few of Jonathan Kuminga's better playmaking moments from summer league plus a Bob Myers soundbite on it,warriors,68,13
Steph and Klay got nothing on this backcourt duo ‚ÄºÔ∏è,warriors,125,15
"Not to overreact or anything, but we may have just drafted the next MJ and Pippen.",warriors,776,75
What do you think wiseman‚Äôs role and minutes will be???,warriors,55,65
I Think Our Next Move Should Be To Kill Off The Trade Rumors,warriors,198,93
Who will start in Klay‚Äôs spot?,warriors,36,52
[Free Dawkins] Jonathan Kuminga x Moses Moody 2021 08 13 Full Play vs Thunder (Makes & Misses Included),warriors,75,3
Klay showing love to Kuminga on IG,warriors,432,23
‚úÖJOKU ‚ùå KÃ∂uÃ∂mÃ∂BÃ∂uÃ∂cÃ∂kÃ∂eÃ∂tÃ∂,warriors,314,59
[Highlight] Kuminga crosses over his defender and takes off for the dunk,warriors,603,90
GIVE THAT MAN HIS FLOWERS,warriors,388,37
"[Slater] Moses Moody: 22 points tonight in a variety of ways. Push floater, spot-up 3s, off-the-dribble long 2s, transition lob, mid-range stepback, sweeping baby hook. https://t.co/47Ztz1FvTc",warriors,264,66
"[POST GAME THREAD] MGM Resorts Summer League 2021: Golden State Warriors (2-1) defeat the Oklahoma City Thunder (1-2), 94-84 behind Moses Moody's 22pts, 3rbs, 1ast, 2stls, on 8/14 FG and 3/6 3PT",warriors,274,208
Rotation to start the season,warriors,13,26
Crowd view of Kuminga‚Äôs dunk üî•,warriors,260,14
3rd Option,warriors,217,58
5-5 from the field üéØ 3-3 from three üéØ @mosesmoody is gettin' BUCKETS in Las Vegas. https://t.co/ntGZmrtPvL,warriors,237,21
Jonathan Kuminga & Moses Moody Combine For 40 PTS!,warriors,165,10
Didn‚Äôt come out quite as well as Id hoped but my dad was happy with it!,warriors,385,43
Are you ready DubNation? He's Backkkk!!!! üí¶,warriors,953,47
"[Slater] The Warriors have locked in 14 guaranteed roster spots. Damion Lee has a $500k guarantee on Sunday, but he's safe, per a source. He's one of the 14. Bob Myers said they'll likely leave the 15th vacancy for a training camp battle to presumably include Mulder/Payton/others.",warriors,201,66
"So you see, that‚Äôs where the trouble began.",warriors,154,11
Warriors rookie Moses Moody on dinner with Stephen Curry,warriors,68,3
Moses Moody,warriors,80,4
"[Slater] Bob Myers on if the Warriors are done in free agency: ""I think we still need some kind of ballhandling guard. We're a little thin there.""",warriors,182,65
"Daily Discussion Thread | August 14, 2021",warriors,20,302
Moody deep in the bag with the bank hook shot,warriors,112,16
Golden State Warriors' Kyle Guy Discusses NBA Summer League Performance,warriors,13,2
Bob Myers on Klay Thompson and how Jonathan Kuminga and Moses Moody will fit with veteran Warriors,warriors,78,4
A Mawugbe block leads to a Moses Moody three,warriors,102,10
[GAME THREAD] MGM Resorts Summer League 2021: Golden State Warriors (1-1) vs. Oklahoma City Thunder (1-1) 8/13/21 4:00 PM PST,warriors,81,718
[NBC Sports] Stephen A has Warriors making Western Conference Finals,warriors,193,41
[NBC Sports] Steph eager to help Klay get over the hump in rehab process,warriors,83,2
"[Golden State Warriors] OFFICIAL: Kenny Atkinson, Jama Mahlalela, and DeJan Milojeviƒá have been added to Head Coach Steve Kerr‚Äôs staff.",warriors,170,16
Learned to use Photoshop a month ago. Here's my first graphic design of Klay Thompson. Hope you like it :),warriors,229,11
"Welcome back, Andre Iguodala! Excited to see the young guys have a great mentor.",warriors,141,32
Kyle Guy with the behind-the-back pass,warriors,30,7
Otto Porter Jr On Injury Recovery And How He Feels Going Into The Season,warriors,39,10
r/warriors when Klay makes his first 3 this season,warriors,863,18
Ranking Championship contenders Using Seth Partnow‚Äôs Player Tiers & CVORP,warriors,19,18
"[Taylor] ‚ÄúIn the 2015 1st round, the Warriors were +77 with Draymond Green on the floor and -45 in the 26 minutes he sat on the bench. Per 100 possessions, that comes out to +23.6 with Green and -76.9 without him... ...making his on/off for the series +100.5.‚Äù",warriors,237,23
[95.7 The Game] Bob Myers said Steph Curry took Moses Moody to dinner last night and commented on how good of a guy Moody is üíØ (via @DRK957),warriors,519,51
Would Draymond start for every single team in the league?,warriors,139,135
"[M Poole] Kerr on 5+ mos Twitter Break: ‚ÄùIt actually started as an agreement with James Wiseman,‚Äù...I said, ‚ÄòWhat you say we take a break, we both take a break for a few weeks. Get off Twitter and anything else you‚Äôre on.‚Äô He said, ‚ÄòYes, let‚Äôs do it.‚Äô ‚ÄúI‚Äôve been off ever since. And it‚Äôs been bliss.‚Äù",warriors,769,70
"Steph Curry on Family, The Olympics, and His Dream Golf Outing | #WIYG with Carmelo Anthony",warriors,29,3
Moody and Kuminga: I Was Wrong,warriors,0,103
"In the roughly 220 minutes Poole & Curry shared the court last season, the Warriors outscored the opposition 118-100 per 100 possessions.",warriors,219,48
[95.7 The Game] Bob Myers on Kuminga: ‚ÄúI almost care more about what a player might say about him‚Ä¶ Steph looked over at me (last night) and said he‚Äôs pretty good.‚Äù (via @DRK957),warriors,228,28
"Daily Discussion Thread | August 13, 2021",warriors,19,432
"[95.7 The Game] Bob Myers told @DRK957 they don't plan on using the TPMLE: ""I don't think we use it. We put it out there for some players we thought were difference makers. It's not wise and I would protect Joe [Lacob] from himself. We have to be smart about it.""",warriors,169,50
"[Spears] After today‚Äôs mandate from the SF Department of Public Health that any indoor event with more than 1,000 attendees requires fans ages 12 or older to show proof of vaccination, Chase Center will comply with this guideline effective as of the venue‚Äôs next event, scheduled Sept. 15.",warriors,180,27
[NBC sports] GP2 hustling for roster spot on father's hometown Warriors,warriors,108,10
Serious shitpost question. Is it against the NBA rules for a team to deliberately make two players look identical?,warriors,15,26
"The Golden State Warriors reunite with Andre Iguodala: A review of his previous season(s) How Iguodala's role and shot diet changed in Miami, what roles Iguodala can play for the Warriors, Iguodala's offcourt value, lineup stats and more",warriors,78,10
how many points do you guys think poole will average next year?,warriors,105,81
'Undefeated in Richmond': Wilt Chamberlain and the barnstorming Warriors,warriors,20,0
Klay Thompson All Smiles Buying Candy From Kids Outside L.A. Hot Spot | TMZ Sports,warriors,88,21
James Wiseman reacts to Gary Payton II's monster dunk (feat. Mychal Mulder),warriors,369,20
[FreeDawkins] Jonathan Kuminga x Moses Moody 2021 08 11 Full Play vs Raptors (Makes & Misses Included),warriors,130,34
GP2 dunked so hard he broke Reddit,warriors,884,59
"[Monte Poole] Gary Payton II, hoping to make the Warriors roster in training camp: ‚ÄòI feel confident. The way they play and the way I play, it‚Äôs a perfect fit. 30 is gonna have the ball. So all I gotta do is cut, make the right plays, hit open shots . . . and continue to play defense‚Äô",warriors,386,51
‚ÄúHello Las Vegas! Put it on his head!‚Äù,warriors,279,9
"[Slater] ""[Jordan Poole] appears to have put on at least 10 pounds of muscle since he entered the league. Shaun Livingston and Leandro Barbosa were among those watching his high-intensity Tuesday workout. Both gave a nod of approval afterward that, yes, a big Poole season might be on the horizon.""",warriors,737,100
[Slater] Gary Payton II said his contract guarantee has been pushed back to the start of the season and he is confident the Warriors will give him a legit shot to win a roster spot in training camp. They could use his ball pressure defense/versatility.,warriors,222,65
Moses Moody shuts down Sith Curry,warriors,107,17
"[POST GAME THREAD] MGM Resorts Summer League 2021: Golden State Warriors (1-1) defeat the Toronto Raptors (1-1), 90-84",warriors,151,171
"[Kawakami] Steve Kerr on Who Fills in for Klay: ""My gut reaction is Jordan Poole...you have to look at how that impacts the bench. If I feel like Jordan makes the most sense as our backup point to Steph, there‚Äôs a good chance I bring him off the bench and start Damion or Mych.""",warriors,329,181
Kuminga‚Äôs Readiness,warriors,123,78
Jonathan Kuminga 18 PTS 3 3PT 2 STL 1 BLK Full Highlights Vs Raptors,warriors,67,8
Damion Lee and Steph Curry at the Summer League game,warriors,192,19
Steph Curry Interview During Last Nights Summer League Game,warriors,41,3
Easy to swallow apparently,warriors,97,5
Our random encounter in 2018 in Italy...my son (in pic) recognized him from across the street. This is just before he retired.,warriors,278,11
"Daily Discussion Thread | August 12, 2021",warriors,23,443
JaQuori McLaughlin adjusts midair for the bucket,warriors,104,17
Young Bucket looking huge üò≥,warriors,134,22
10 fouls per player in the Summer League makes it painful to watch sometimes,warriors,32,10
[OC] Stephen Curry 'Underrated' Documentary Poster by Me,warriors,471,29
Kuminga with a nice block,warriors,93,10
"Wiseman is allowed to shoot Flat footed only now for rehab... could this be a blessing in disguise? It's basically a reversion to fundamentals so that when jumping is allowed, his shooting foundation is rock solid. Thoughts?",warriors,108,37
@joeviray runs an excellent NBA account and is running a live analysis of the Baby Dubs in the Summer League now,warriors,39,3
[GAME THREAD] MGM Resorts Summer League 2021: Golden State Warriors (0-1) vs. Toronto Raptors (1-0) 8/11/21 5:00 PM PST,warriors,55,1068
"Chris Chiozza had have reportedly reached an agreement with Virtus Bologna, until he surprised them by signing with the Warriors. One day later, Nico Mannion then signs with Virtus Bologna.",warriors,160,27
What Steph Curry SAYS during GAMES,warriors,83,6
[Mercury News] Inside the Warriors' decision to draft Jonathan Kuminga,warriors,45,5
[NigeriaBasket] Coach Mike Brown has confirmed he will coach Nigeria at AfroBasket in two weeks. The tournament begins August 25th for D‚ÄôTigers against Mali. Roster TBA.,warriors,74,6
"[Goldberg] Locked On Podcast. 1 on 1: Moses Moody on Growing Up in Little Rock, Fit With Warriors and More",warriors,24,1
Am i the only one that's a little bit concerned about Klay?,warriors,0,31
Met the man himself yesterday at my local park!,warriors,2302,131
"[Bleacher Report] Power Ranking Every NBA Team Post Free Agency - Warriors 9th. 4th in West behind LAL, PHX, UTA",warriors,46,31
Jordan Anthony Poole,warriors,313,37
Who else do you want the Warriors to sign?,warriors,27,90
Jordan Poole Is Indeed Ripped Going Into The Season. Here's Video Evidence,warriors,190,53
"The Golden State Warriors, San Antonio Spurs and Minnesota Timberwolves are among the teams who have discussed a trade for Ben Simmons with varying degrees of interest, sources tell Zach Lowe of ESPN.",warriors,30,51
"[McCauley] Warriors coach Steve Kerr, back from helping guide Draymond Green and the U.S. men's Olympic team to gold in Tokyo, on the return of Andre Iguodala: ""I'm so happy to have Andre back. He knows our team better than anyone. He will be great tying our team together in many ways.""",warriors,277,10
"[Carboni] Oubre says Charlotte's Steph Curry reached out to him after he signed with #Hornets and ""told me to be myself, and continue to bring that passion and energy that I do.""",warriors,400,66
"[Dumas] Nico Mannion on his decision: ""I personally feel I'm not a two-way player. I feel like I'm a real NBA guy and I deserve a contract. So this is kind of just one of my steps I have to take to get there to prove that. I didn't think that opportunity would come as a two-way in Golden State.""",warriors,274,63
Jordan Poole has bulked up,warriors,428,61
What its Like Filming Steph Curry üëÄ,warriors,8,0
Zach Lowe on the warriors 2021-22 outlook,warriors,14,70
"[Draymond Green] on Nico Mannion's move to Italy: ""The terrible side of this business is that none of these ""handlers"" will show this to a kid and discuss how great of a move this is by Nico. Quite frankly because these kids listen to people that ain't done shit and don't know shit!""",warriors,100,18
Which Chris?,warriors,62,7
"[Kawakami] Steph on Igoudala's Return - ""The way I‚Äôve heard him talk and saw him the other day, the dude‚Äôs motivated. It‚Äôs not just, ‚ÄòI‚Äôm coming back to be a chaperone and try to fade into the sunset in the Warrior jersey.‚Äô He actually is going to want to produce and be out there, be available""",warriors,321,19
"Nemanja Bjelica's Shootaround in Vegas Showing Off His ""Looked as Advertised"" Jumper (via LetsGoWarriors)",warriors,81,30
"Daily Discussion Thread | August 11, 2021",warriors,26,502
Please enjoy this righteous dunk by The Baron,warriors,177,21
"Thoughts on the ""Untold: Malice at the Palace"" documentary",warriors,45,9
"[Golden State Warriors] 3x NBA Champion NBA Finals MVP It‚Äôs good to have you back, @andre",warriors,98,2
"Steph curry documentary in works from A24, Ryan Coogler.",warriors,179,30
Shoutout to Fitz for his great job casting Olympic Basketball,warriors,541,117
Andre Iguodala's Best Highlights with Golden State Warriors (2013 -2019),warriors,52,3
"[Schultz] Nico Mannion is signing with Virtus Bologna of Italy‚Äôs Serie A, his agent Bill Duffy of BDA Sports tells me.",warriors,292,59
"[Slater] Kenny Atkinson, Chris DeMarco and Ron Adams put Bjelica through a pretty extensive shooting workout and his jumper looked as advertised...Atkinson has been very active behind the scenes in the pre-draft process and now in summer league, as Kerr and Mike Brown were in Tokyo for the Olympics",warriors,403,28
[Slater] The Warriors will still maintain Nico Mannion‚Äôs restricted free agency rights if/when he returns to the NBA. But it‚Äôll be Chris Chiozza in the vacated Mannion two-way spot.,warriors,254,29
"Rockets' rookie Josh Christopher reacts to his old tweets slandering Steph Curry, including 'Steven Adams > Steph Curry': ""I was 14 ‚Ä¶üòÇ and die hard Bron fan this is crazy üòÇüòÇüòÇ""",warriors,62,28
Moses Moody on The Jump,warriors,89,18
Official: Nico Mannion signs a deal with Virtus Bologna,warriors,155,32
Steph Curry scoring with Andre Iguodala on the court:,warriors,44,8
Do you think Nico will make it back after he gets experience overseas?,warriors,24,24
Things I noticed in Kuminga's shooting form,warriors,84,44
Making a Warriors rug for my dads birthday i was just wondering what the correct badge/logo is,warriors,30,17
#DubNation 2021-22 Hype Trailer,warriors,40,2
2015 Festus Quote,warriors,30,2
What are your hopes/expectations/goals for next season?,warriors,42,68
10 Stephen Curry DAGGERS In 2020-21 That DEMORALIZED NBA Teams,warriors,13,0
"Jonathan Kuminga x Moses Moody Full Play vs Magic | Aug 9, 2021 | FreeDawkins",warriors,87,34
Don't sleep on JaQuori McLaughlin: Taking a close look at the UDFA Exhibit 10 signee and why he is such an intriguing player,warriors,66,13
"[Carchia] Nico Mannion and Virtus Bologna are discussing the length of the contract, I am told",warriors,78,22
"[Highlight] Kuminga screams ""give me that shit!"" as he rejects Wagner, and then dimes up Moody on the other end",warriors,326,30
"Young Bucket, Mulder, Wiseman, JTA, and Looney courtside for the Summer League game.",warriors,753,61
Jessup shot worse from three in a 13 game stretch in the NBL (18%) than Oubre's first 13 games with GSW (20%). Why Jessup is struggling + thoughts on Cameron Oliver.,warriors,96,24
[Wasserman] Moody's fit with GS is too clean. Probably lot of fist pumps from Warriors + Pacers and Hornets when Grizzlies took Ziaire at 10.,warriors,419,85
What Draymond envisioned when he texted Bob ‚ÄúKUMINGA‚Äù,warriors,397,16
Sac-Town Simmons,warriors,1134,127
"[Letoruneau] Otto Porter Jr.: ""I'm at the stage of my career where being a starter doesn't matter."" Went onto say, ""I'm looking forward to getting back to myself.""",warriors,473,50
Kuminga with the steal and the slam,warriors,279,42
"It's time. My favourite piece of Stephen Curry memorabilia. Who knew goats wore shoes? The first Under Armour Stephen Curry signature shoe to be released, autographed by the man himself and inscribed ""2015 MVP"" each shoe comes with its own individual number. Should I throw up Klay tomorrow?",warriors,120,23
"[Goldberg] Warriors' Otto Porter Jr. says he's been told his role will be to ""Space the floor, knock down my corner 3's, move off the ball, defend.""",warriors,359,18
Chris Chiozza joins the Dubs on a 2 way contract!,warriors,137,10
"For anyone who wants to learn more about the Xs and Os of warriors basketball, I recommend following @JoeVirayNBA on twitter.",warriors,79,7
[95.7 The Game] Otto Porter Jr. on what attracted him to the Warriors: ‚ÄúThe culture first and foremost. Their way of winning. Their style of play.‚Äù,warriors,256,2
"[POST GAME THREAD] MGM Resorts Summer League 2021: Golden State Warriors (0-1) fall to the Orlando Magic (1-0), 89-91 in OT",warriors,128,202
"Jama Mahlalela: Siakam, Anunoby, and now Kuminga",warriors,96,13
Jonathan Kuminga drives to the rim,warriors,140,18
"Kyle Guy reflects on dismissal from Sacramento Kings, in search of new opportunity with Warriors",warriors,59,11
"[Goldberg] Instead of 'chasing mixtapes,"" Warriors' Moses Moody prepared for his NBA moment",warriors,169,28
"Daily Discussion Thread | August 10, 2021",warriors,20,655
[@Dubs408] Some Chris Chiozza Playmaking highlights with Brooklyn Nets:,warriors,31,5
Moses Moody Postgame Press Conference | Las Vegas Summer League,warriors,18,2
"[NBC Sports] Simmons can fit with Draymond, Warriors must consider trade",warriors,0,60
Timeline of how Stephen Curry Changed the NBA!,warriors,17,4
"We keep talking about a good backup PG that won't break the bank. Why haven't we called IT yet? He's experienced. He's knowledgeable. Can score. Sure, maybe not a lockdown defender, but he'd probably play for free if we asked. Surely he's a viable candidate for a backup PG? Maybe even the 2.",warriors,0,62
‚ÄúVerrry interesting this warriors team will be‚Äù anyone else hear this on the broadcast?,warriors,25,7
Cameron Oliver throws it down,warriors,45,8
[GAME THREAD] MGM Resorts Summer League 2021: Golden State Warriors (0-0) vs. Orlando Magic (0-0) 8/9/21 5:00 PM PST,warriors,70,1438
Otto Porter Jr.'s Introductory Press Conference | Golden State Warriors,warriors,50,4
My second favourite piece of my Stephen Curry autographed memorabilia collection. Hope you like it. Can't wait to show y'all my favourite! üéâ,warriors,336,22
Does Chiozza 2way mean that Nico is out?,warriors,10,20
"Apart from Steph, Klay and Dray, Moses Moody is looking forward to playing with... kinda everyone.",warriors,194,14
"[Anderson] Kings have shown interest in both Ben Simmons and Pascal Siakam. The Kings, Golden State Warriors and Los Angeles Clippers are said to be particularly ‚Äúenamored‚Äù with Siakam. Talks could pick up this week with all 30 teams convening in Las Vegas.",warriors,108,102
"Before I post for day two of my favourite Steph Curry memorabilia pieces, I thought I'd show you this absolute gem I picked up for $5 aussie today. In loving memory. Don't forget to Smail.",warriors,340,35
"James Wiseman NBA debut (19 points, 6 rebounds, 53.8 FG%) vs Evan Mobley Summer league debut (12 points, 5 rebounds, 35.3 FG%)",warriors,150,159
"Daily Discussion Thread | August 09, 2021",warriors,26,649
[Goldberg] Warriors Summer League practice in Las Vegas. They rented out a local gym for a couple of weeks and branded it with logos and sponsors.,warriors,361,43
